match_id,home,away,fact_type,value,numeric_value,team,player,source_title,source_url,source_domain,confidence,extracted_at
537335,Switzerland,Bosnia-Herzegovina,lineup,"Switzerland vs. Bosnia & Herzegovina—World Cup - Sports Illustrated # Switzerland vs. Bosnia & Herzegovina—World Cup: Preview, Predictions and Lineups. Switzerland and Bosnia & Herzegovina both began their 2026 World Cup campaigns with 1–1 ",,Switzerland,,Switzerland vs. Bosnia & Herzegovina—World Cup - Sports Illustrated,https://www.si.com/soccer/switzerland-vs-bosnia-herzegovina-world-cup-preview-predictions-lineups-6-18-26,si.com,0.35,2026-06-18T18:41:35.476075+00:00
537335,Switzerland,Bosnia-Herzegovina,source_note,"Switzerland vs. Bosnia & Herzegovina—World Cup - Sports Illustrated # Switzerland vs. Bosnia & Herzegovina—World Cup: Preview, Predictions and Lineups. Switzerland and Bosnia & Herzegovina both began their 2026 World Cup campaigns with 1–1 ",,,,Switzerland vs. Bosnia & Herzegovina—World Cup - Sports Illustrated,https://www.si.com/soccer/switzerland-vs-bosnia-herzegovina-world-cup-preview-predictions-lineups-6-18-26,si.com,0.35,2026-06-18T18:41:35.453245+00:00
537335,Switzerland,Bosnia-Herzegovina,market_consensus,"Switzerland vs Bosnia & Herzegovina Prediction, Odds, Lineups # Switzerland vs Bosnia & Herzegovina Prediction, Pick, Odds for World Cup on Thursday, June 18. Switzerland vs Bosnia & Herzegovina Prediction, Pick, Odds for World Cup on Thurs",,,,"Switzerland vs Bosnia & Herzegovina Prediction, Odds, Lineups",https://www.actionnetwork.com/soccer/switzerland-vs-bosnia-herzegovina-prediction-pick-odds-world-cup-thursday-june-18,actionnetwork.com,0.35,2026-06-18T18:41:35.454279+00:00
537335,Switzerland,Bosnia-Herzegovina,lineup,"Switzerland vs Bosnia & Herzegovina Prediction, Odds, Lineups # Switzerland vs Bosnia & Herzegovina Prediction, Pick, Odds for World Cup on Thursday, June 18. Switzerland vs Bosnia & Herzegovina Prediction, Pick, Odds for World Cup on Thurs",,Switzerland,,"Switzerland vs Bosnia & Herzegovina Prediction, Odds, Lineups",https://www.actionnetwork.com/soccer/switzerland-vs-bosnia-herzegovina-prediction-pick-odds-world-cup-thursday-june-18,actionnetwork.com,0.35,2026-06-18T18:41:35.454639+00:00
537335,Switzerland,Bosnia-Herzegovina,source_note,"Switzerland vs Bosnia & Herzegovina Prediction, Odds, Lineups # Switzerland vs Bosnia & Herzegovina Prediction, Pick, Odds for World Cup on Thursday, June 18. Switzerland vs Bosnia & Herzegovina Prediction, Pick, Odds for World Cup on Thurs",,,,"Switzerland vs Bosnia & Herzegovina Prediction, Odds, Lineups",https://www.actionnetwork.com/soccer/switzerland-vs-bosnia-herzegovina-prediction-pick-odds-world-cup-thursday-june-18,actionnetwork.com,0.35,2026-06-18T18:41:35.455005+00:00
537335,Switzerland,Bosnia-Herzegovina,market_consensus,"Switzerland vs Bosnia-Herzegovina Prediction, Betting Tips ... Switzerland vs Bosnia-Herzegovina Prediction, Betting Tips, Lineups & Odds | 18 Jun 2026. # Switzerland vs Bosnia-Herzegovina Prediction, Betting Tips, Lineups & Odds | 18 Jun 2",,,,"Switzerland vs Bosnia-Herzegovina Prediction, Betting Tips ...",https://www.sportsgambler.com/betting-tips/football/switzerland-vs-bosnia-herzegovina-prediction-lineups-odds-2026-06-18,sportsgambler.com,0.35,2026-06-18T18:41:35.456474+00:00
537335,Switzerland,Bosnia-Herzegovina,lineup,"Switzerland vs Bosnia-Herzegovina Prediction, Betting Tips ... Switzerland vs Bosnia-Herzegovina Prediction, Betting Tips, Lineups & Odds | 18 Jun 2026. # Switzerland vs Bosnia-Herzegovina Prediction, Betting Tips, Lineups & Odds | 18 Jun 2",,Switzerland,,"Switzerland vs Bosnia-Herzegovina Prediction, Betting Tips ...",https://www.sportsgambler.com/betting-tips/football/switzerland-vs-bosnia-herzegovina-prediction-lineups-odds-2026-06-18,sportsgambler.com,0.35,2026-06-18T18:41:35.456981+00:00
537335,Switzerland,Bosnia-Herzegovina,source_note,"Switzerland vs Bosnia-Herzegovina Prediction, Betting Tips ... Switzerland vs Bosnia-Herzegovina Prediction, Betting Tips, Lineups & Odds | 18 Jun 2026. # Switzerland vs Bosnia-Herzegovina Prediction, Betting Tips, Lineups & Odds | 18 Jun 2",,,,"Switzerland vs Bosnia-Herzegovina Prediction, Betting Tips ...",https://www.sportsgambler.com/betting-tips/football/switzerland-vs-bosnia-herzegovina-prediction-lineups-odds-2026-06-18,sportsgambler.com,0.35,2026-06-18T18:41:35.457432+00:00
537335,Switzerland,Bosnia-Herzegovina,market_consensus,"Switzerland vs Bosnia & Herzegovina: World Cup 2026 Predictions # Switzerland vs Bosnia & Herzegovina Prediction: World Cup 2026 Preview & Best Bets. **Switzerland vs Bosnia & Herzegovina** | **Group B, Matchday 8** | **Thursday, 18 June 20",,,,Switzerland vs Bosnia & Herzegovina: World Cup 2026 Predictions,https://www.juvefc.com/switzerland-v-bosnia-and-herzegovina-predictions,juvefc.com,0.35,2026-06-18T18:41:35.476849+00:00
537335,Switzerland,Bosnia-Herzegovina,source_note,"Switzerland vs Bosnia & Herzegovina: World Cup 2026 Predictions # Switzerland vs Bosnia & Herzegovina Prediction: World Cup 2026 Preview & Best Bets. **Switzerland vs Bosnia & Herzegovina** | **Group B, Matchday 8** | **Thursday, 18 June 20",,,,Switzerland vs Bosnia & Herzegovina: World Cup 2026 Predictions,https://www.juvefc.com/switzerland-v-bosnia-and-herzegovina-predictions,juvefc.com,0.35,2026-06-18T18:41:35.458988+00:00
537335,Switzerland,Bosnia-Herzegovina,market_consensus,"Switzerland vs. Bosnia and Herzegovina Picks, Prediction 6/18/26 [FIFA World Cup](https://dknetwork.draftkings.com/category/fifa-world-cup/) [2026](https://dknetwork.draftkings.com/category/2026/) [Soccer](https://dknetwork.draftkings.com/c",,,,"Switzerland vs. Bosnia and Herzegovina Picks, Prediction 6/18/26",https://dknetwork.draftkings.com/2026/06/17/switzerland-vs-bosnia-and-herzegovina-picks-prediction-for-thursday-6-18-26,dknetwork.draftkings.com,0.35,2026-06-18T18:41:35.478226+00:00
537335,Switzerland,Bosnia-Herzegovina,source_note,"Switzerland vs. Bosnia and Herzegovina Picks, Prediction 6/18/26 [FIFA World Cup](https://dknetwork.draftkings.com/category/fifa-world-cup/) [2026](https://dknetwork.draftkings.com/category/2026/) [Soccer](https://dknetwork.draftkings.com/c",,,,"Switzerland vs. Bosnia and Herzegovina Picks, Prediction 6/18/26",https://dknetwork.draftkings.com/2026/06/17/switzerland-vs-bosnia-and-herzegovina-picks-prediction-for-thursday-6-18-26,dknetwork.draftkings.com,0.35,2026-06-18T18:41:35.461426+00:00
537335,Switzerland,Bosnia-Herzegovina,h2h,"Form and head to head stats Switzerland vs Bos&Herz Switzerland vs Bosnia and Herzegovina. FIFA World Cup Group B. 8:00pm, Thursday 18th June 2026. SoFi Stadium. Switzerland 0. Bosnia and Herzegovina 0.",,,,Form and head to head stats Switzerland vs Bos&Herz,https://www.skysports.com/football/switzerland-vs-bosnia-and-herzegovina/549791,skysports.com,0.9,2026-06-18T18:41:35.461731+00:00
537335,Switzerland,Bosnia-Herzegovina,recent_form,Switzerland v Bosnia & Herzegovina (18/06/2026) Switzerland v Bosnia & Herzegovina (18/06/2026) Bosnia prevailed 2-0 in Zurich. Switzerland's last five World Cup matches against European,,Switzerland,,Switzerland v Bosnia & Herzegovina (18/06/2026),https://www.flashscoreusa.com/game/soccer/bosnia-herzegovina-fqe7WYTr/switzerland-rHJ2vy1B,flashscoreusa.com,0.35,2026-06-18T18:41:35.462039+00:00
537335,Switzerland,Bosnia-Herzegovina,h2h,"Switzerland vs Bosnia & Herzegovina live score, H2H and ... Switzerland is going head to head with Bosnia & Herzegovina starting on 18 Jun 2026 at 19:00 UTC at SoFi Stadium stadium, Inglewood city, USA.",,,,"Switzerland vs Bosnia & Herzegovina live score, H2H and ...",https://www.sofascore.com/football/match/switzerland-bosnia-and-herzegovina/EObsZTb,sofascore.com,0.9,2026-06-18T18:41:35.462715+00:00
537335,Switzerland,Bosnia-Herzegovina,lineup,"Switzerland vs Bosnia-Herzegovina - prediction, team news, lineups # Preview: Switzerland vs Bosnia-Herzegovina - prediction, team news, lineups. [Switzerland](/football/switzerland/ ""Switzerland"") meet [Bosnia-Herzegovina](/football/bosnia",,Switzerland,,"Switzerland vs Bosnia-Herzegovina - prediction, team news, lineups",https://www.sportsmole.co.uk/football/switzerland/world-cup-2026/preview/switzerland-vs-bosnia-hvina-prediction-team-news-lineups_599327.html,sportsmole.co.uk,0.7,2026-06-18T18:41:35.464485+00:00
537335,Switzerland,Bosnia-Herzegovina,h2h,"Switzerland vs Bosnia-Herzegovina - prediction, team news, lineups # Preview: Switzerland vs Bosnia-Herzegovina - prediction, team news, lineups. [Switzerland](/football/switzerland/ ""Switzerland"") meet [Bosnia-Herzegovina](/football/bosnia",,,,"Switzerland vs Bosnia-Herzegovina - prediction, team news, lineups",https://www.sportsmole.co.uk/football/switzerland/world-cup-2026/preview/switzerland-vs-bosnia-hvina-prediction-team-news-lineups_599327.html,sportsmole.co.uk,0.7,2026-06-18T18:41:35.464700+00:00
537335,Switzerland,Bosnia-Herzegovina,source_note,"Switzerland vs Bosnia-Herzegovina - prediction, team news, lineups # Preview: Switzerland vs Bosnia-Herzegovina - prediction, team news, lineups. [Switzerland](/football/switzerland/ ""Switzerland"") meet [Bosnia-Herzegovina](/football/bosnia",,,,"Switzerland vs Bosnia-Herzegovina - prediction, team news, lineups",https://www.sportsmole.co.uk/football/switzerland/world-cup-2026/preview/switzerland-vs-bosnia-hvina-prediction-team-news-lineups_599327.html,sportsmole.co.uk,0.7,2026-06-18T18:41:35.464975+00:00
537335,Switzerland,Bosnia-Herzegovina,lineup,"Switzerland vs. Bosnia and Herzegovina projected lineups, starting ... Bosnia and Herzegovina projected lineups, starting 11 for World Cup 2026 Group B game at SoFi Stadium. Switzerland face Bosnia and Herzegovina on Thursday in the second ",,Switzerland,,"Switzerland vs. Bosnia and Herzegovina projected lineups, starting ...",https://www.sportingnews.com/us/soccer/news/switzerland-vs-bosnia-herzegovina-lineups-starting-11-world-cup-2026/6fa79064eb1159b1ad9eb7a5,sportingnews.com,0.35,2026-06-18T18:41:35.465382+00:00
537335,Switzerland,Bosnia-Herzegovina,market_consensus,"Switzerland vs Bosnia & Herzegovina World Cup 2026 Predictions [MENU](https://shekicks.net/switzerland-v-bosnia-and-herzegovina-predictions# ""Toggle Menu""). * [[Education](https://shekicks.net/education2025/)►](https://shekicks.net/switzerl",,,,Switzerland vs Bosnia & Herzegovina World Cup 2026 Predictions,https://shekicks.net/switzerland-v-bosnia-and-herzegovina-predictions,shekicks.net,0.35,2026-06-18T18:41:35.467207+00:00
537335,Switzerland,Bosnia-Herzegovina,source_note,"Switzerland vs Bosnia & Herzegovina World Cup 2026 Predictions [MENU](https://shekicks.net/switzerland-v-bosnia-and-herzegovina-predictions# ""Toggle Menu""). * [[Education](https://shekicks.net/education2025/)►](https://shekicks.net/switzerl",,,,Switzerland vs Bosnia & Herzegovina World Cup 2026 Predictions,https://shekicks.net/switzerland-v-bosnia-and-herzegovina-predictions,shekicks.net,0.35,2026-06-18T18:41:35.467930+00:00
537335,Switzerland,Bosnia-Herzegovina,market_consensus,Switzerland vs. Bosnia-Herzegovina Prediction June 18 - Lines.com Switzerland: Unbeaten form and surging market momentum confirm them as the first-to-score favorite. Switzerland enters this World Cup Group B clash with a 68 percent market p,,,,Switzerland vs. Bosnia-Herzegovina Prediction June 18 - Lines.com,https://www.lines.com/prediction-markets/sports/fifwc-che-bih-2026-06-18-first-to-score,lines.com,0.35,2026-06-18T18:41:35.470426+00:00
537335,Switzerland,Bosnia-Herzegovina,source_note,Switzerland vs. Bosnia-Herzegovina Prediction June 18 - Lines.com Switzerland: Unbeaten form and surging market momentum confirm them as the first-to-score favorite. Switzerland enters this World Cup Group B clash with a 68 percent market p,,,,Switzerland vs. Bosnia-Herzegovina Prediction June 18 - Lines.com,https://www.lines.com/prediction-markets/sports/fifwc-che-bih-2026-06-18-first-to-score,lines.com,0.35,2026-06-18T18:41:35.470653+00:00
537335,Switzerland,Bosnia-Herzegovina,market_consensus,"Bosnia-Herzegovina World Cup 2026: Odds & Picks | Squawka # Bosnia-Herzegovina World Cup Odds: Squad, Path to the Final & Top Picks. **Bosnia-Herzegovina drew 1-1 with Canada at the BMO Field in their 2026 World Cup opener.** The point keep",,,,Bosnia-Herzegovina World Cup 2026: Odds & Picks | Squawka,https://www.squawka.com/us/outright-markets/bosnia-herzegovina-world-cup-2026-odds,squawka.com,0.7,2026-06-18T18:41:35.471188+00:00
537335,Switzerland,Bosnia-Herzegovina,market_consensus,"Switzerland vs Bosnia-Herzegovina prediction - Oddspedia The model gives Bosnia and Herzegovina or draw a 49.8% probability, compared with 41.49% implied by the betting odds, creating a positive expected value edge of",,,,Switzerland vs Bosnia-Herzegovina prediction - Oddspedia,https://oddspedia.com/football/switzerland-bosnia-herzegovina-1001/predictions,oddspedia.com,0.35,2026-06-18T18:41:35.471825+00:00
537335,Switzerland,Bosnia-Herzegovina,source_note,"Switzerland vs Bosnia-Herzegovina prediction - Oddspedia The model gives Bosnia and Herzegovina or draw a 49.8% probability, compared with 41.49% implied by the betting odds, creating a positive expected value edge of",,,,Switzerland vs Bosnia-Herzegovina prediction - Oddspedia,https://oddspedia.com/football/switzerland-bosnia-herzegovina-1001/predictions,oddspedia.com,0.35,2026-06-18T18:41:35.472223+00:00
537335,Switzerland,Bosnia-Herzegovina,market_consensus,"World Cup Group B odds 2026: winner prices and standings - AL.com # World Cup Group B odds for 2026: Latest Canada, Switzerland, Bosnia, Qatar standings. Group B at the 2026 World Cup brings together co-host Canada, Switzerland, Bosnia and ",,,,World Cup Group B odds 2026: winner prices and standings - AL.com,https://www.al.com/betting/world-cup-group-b-odds,al.com,0.35,2026-06-18T18:41:35.472977+00:00
537335,Switzerland,Bosnia-Herzegovina,source_note,"World Cup Group B odds 2026: winner prices and standings - AL.com # World Cup Group B odds for 2026: Latest Canada, Switzerland, Bosnia, Qatar standings. Group B at the 2026 World Cup brings together co-host Canada, Switzerland, Bosnia and ",,,,World Cup Group B odds 2026: winner prices and standings - AL.com,https://www.al.com/betting/world-cup-group-b-odds,al.com,0.35,2026-06-18T18:41:35.473284+00:00
537335,Switzerland,Bosnia-Herzegovina,market_consensus,FIFA World Cup Odds & Win Probability 2026: Favorites & Analysis * [World Cup](https://www.covers.com/betting/world-cup-sites). * [Sportsbook Promos](https://www.covers.com/betting/bonuses). * [World Cup 2026 Odds](https://www.covers.com/wo,,,,FIFA World Cup Odds & Win Probability 2026: Favorites & Analysis,https://www.covers.com/world-cup/odds,covers.com,0.35,2026-06-18T18:41:35.474915+00:00
537335,Switzerland,Bosnia-Herzegovina,source_note,FIFA World Cup Odds & Win Probability 2026: Favorites & Analysis * [World Cup](https://www.covers.com/betting/world-cup-sites). * [Sportsbook Promos](https://www.covers.com/betting/bonuses). * [World Cup 2026 Odds](https://www.covers.com/wo,,,,FIFA World Cup Odds & Win Probability 2026: Favorites & Analysis,https://www.covers.com/world-cup/odds,covers.com,0.35,2026-06-18T18:41:35.475442+00:00
537335,Switzerland,Bosnia-Herzegovina,market_consensus,"Group B Preview: Canada, Bosnia & Herzegovina, Qatar, Switzerland Group B Preview: Canada, Bosnia & Herzegovina, Qatar, Switzerland. ## Alexi Lalas and David Mosse continue their World Cup Previews, this time diving into co-host Canada’s gr",,,,"Group B Preview: Canada, Bosnia & Herzegovina, Qatar, Switzerland",https://www.foxsports.com/watch/fmc-ass7mf140m63jo3v,foxsports.com,0.35,2026-06-18T18:41:35.481852+00:00
537335,Switzerland,Bosnia-Herzegovina,source_note,"Group B Preview: Canada, Bosnia & Herzegovina, Qatar, Switzerland Group B Preview: Canada, Bosnia & Herzegovina, Qatar, Switzerland. ## Alexi Lalas and David Mosse continue their World Cup Previews, this time diving into co-host Canada’s gr",,,,"Group B Preview: Canada, Bosnia & Herzegovina, Qatar, Switzerland",https://www.foxsports.com/watch/fmc-ass7mf140m63jo3v,foxsports.com,0.35,2026-06-18T18:41:35.482321+00:00
537413,Panama,England,market_consensus,"2026 World Cup Group L Preview: England, Croatia, Ghana ... # 2026 World Cup Group L Preview: England, Croatia, Ghana and Panama Lineups, Odds, Predictions and Tactics. Your complete 2026 World Cup Group L breakdown: England, Croatia, Ghana",,,,"2026 World Cup Group L Preview: England, Croatia, Ghana ...",https://www.rotowire.com/soccer/article/2026-world-cup-group-l-preview-england-croatia-ghana-and-panama-lineups-odds-predictions-and-tactics-113532,rotowire.com,0.35,2026-06-18T18:48:05.036583+00:00
537413,Panama,England,lineup,"2026 World Cup Group L Preview: England, Croatia, Ghana ... # 2026 World Cup Group L Preview: England, Croatia, Ghana and Panama Lineups, Odds, Predictions and Tactics. Your complete 2026 World Cup Group L breakdown: England, Croatia, Ghana",,Panama,,"2026 World Cup Group L Preview: England, Croatia, Ghana ...",https://www.rotowire.com/soccer/article/2026-world-cup-group-l-preview-england-croatia-ghana-and-panama-lineups-odds-predictions-and-tactics-113532,rotowire.com,0.35,2026-06-18T18:48:05.036768+00:00
537413,Panama,England,tactical_note,"2026 World Cup Group L Preview: England, Croatia, Ghana ... # 2026 World Cup Group L Preview: England, Croatia, Ghana and Panama Lineups, Odds, Predictions and Tactics. Your complete 2026 World Cup Group L breakdown: England, Croatia, Ghana",,Panama,,"2026 World Cup Group L Preview: England, Croatia, Ghana ...",https://www.rotowire.com/soccer/article/2026-world-cup-group-l-preview-england-croatia-ghana-and-panama-lineups-odds-predictions-and-tactics-113532,rotowire.com,0.35,2026-06-18T18:48:05.036944+00:00
537413,Panama,England,source_note,"2026 World Cup Group L Preview: England, Croatia, Ghana ... # 2026 World Cup Group L Preview: England, Croatia, Ghana and Panama Lineups, Odds, Predictions and Tactics. Your complete 2026 World Cup Group L breakdown: England, Croatia, Ghana",,,,"2026 World Cup Group L Preview: England, Croatia, Ghana ...",https://www.rotowire.com/soccer/article/2026-world-cup-group-l-preview-england-croatia-ghana-and-panama-lineups-odds-predictions-and-tactics-113532,rotowire.com,0.35,2026-06-18T18:48:05.027872+00:00
537413,Panama,England,market_consensus,"Panama to Win World Cup Odds: 2026 Predictions and Value Bets | Juvefc.com # Panama World Cup 2026 Odds, Predictions & Best Bets. Panama arrive at the 2026 World Cup ranked 38th in the outright winner market, priced at around 1500/1 with th",,,,Panama to Win World Cup Odds: 2026 Predictions and Value Bets | Juvefc.com,https://www.juvefc.com/panama-world-cup-odds-predictions,juvefc.com,0.35,2026-06-18T18:48:05.028511+00:00
537413,Panama,England,source_note,"Panama to Win World Cup Odds: 2026 Predictions and Value Bets | Juvefc.com # Panama World Cup 2026 Odds, Predictions & Best Bets. Panama arrive at the 2026 World Cup ranked 38th in the outright winner market, priced at around 1500/1 with th",,,,Panama to Win World Cup Odds: 2026 Predictions and Value Bets | Juvefc.com,https://www.juvefc.com/panama-world-cup-odds-predictions,juvefc.com,0.35,2026-06-18T18:48:05.028835+00:00
537413,Panama,England,market_consensus,"Group L Preview & Fantasy Strategy: England, Croatia, Ghana & Panama | FIFA World Cup 2026 Group L Preview & Fantasy Strategy: England, Croatia, Ghana & Panama | FIFA World Cup 2026 Football Chatbox 2700 subscribers 4 likes 85 views 9 Jun 2",,,,"Group L Preview & Fantasy Strategy: England, Croatia, Ghana & Panama | FIFA World Cup 2026",https://www.youtube.com/watch?v=F7o8SJs5kE8,youtube.com,0.35,2026-06-18T18:48:05.030638+00:00
537413,Panama,England,source_note,"Group L Preview & Fantasy Strategy: England, Croatia, Ghana & Panama | FIFA World Cup 2026 Group L Preview & Fantasy Strategy: England, Croatia, Ghana & Panama | FIFA World Cup 2026 Football Chatbox 2700 subscribers 4 likes 85 views 9 Jun 2",,,,"Group L Preview & Fantasy Strategy: England, Croatia, Ghana & Panama | FIFA World Cup 2026",https://www.youtube.com/watch?v=F7o8SJs5kE8,youtube.com,0.35,2026-06-18T18:48:05.031070+00:00
537413,Panama,England,source_note,World Cup predictions: Picking the winner in every game of the entire tournament - ESPN [Menu](https://www.espn.co.uk/football/story/_/id/48962628/world-cup-predictions-picking-winner-every-game-entire-tournament#). * [](https://www.espn.co,,,,World Cup predictions: Picking the winner in every game of the entire tournament - ESPN,https://www.espn.co.uk/football/story/_/id/48962628/world-cup-predictions-picking-winner-every-game-entire-tournament,espn.co.uk,0.35,2026-06-18T18:48:05.034151+00:00
537413,Panama,England,market_consensus,"World Cup 2026 Group L preview: Prediction, odds, full team overviews - Yahoo Sports The Group of Death concept is a casualty of the expanded 48-team field at this World Cup, but Group L may come close. With title hopefuls England along wit",,,,"World Cup 2026 Group L preview: Prediction, odds, full team overviews - Yahoo Sports",https://sports.yahoo.com/articles/world-cup-2026-group-l-210000215.html,sports.yahoo.com,0.35,2026-06-18T18:48:05.034799+00:00
537413,Panama,England,source_note,"World Cup 2026 Group L preview: Prediction, odds, full team overviews - Yahoo Sports The Group of Death concept is a casualty of the expanded 48-team field at this World Cup, but Group L may come close. With title hopefuls England along wit",,,,"World Cup 2026 Group L preview: Prediction, odds, full team overviews - Yahoo Sports",https://sports.yahoo.com/articles/world-cup-2026-group-l-210000215.html,sports.yahoo.com,0.35,2026-06-18T18:48:05.035104+00:00
537413,Panama,England,lineup,"Panama vs England - live score, predicted lineups and H2H stats Jun 27, 2026, The current head to head record for the teams are Panama 0 win(s), England 1 win(s), and 0 draw(s). Recent Form Panama W 1 -",,Panama,,"Panama vs England - live score, predicted lineups and H2H stats",https://www.fotmob.com/matches/panama-vs-england/1pukme,fotmob.com,0.9,2026-06-18T18:48:05.035282+00:00
537413,Panama,England,h2h,"Panama vs England - live score, predicted lineups and H2H stats Jun 27, 2026, The current head to head record for the teams are Panama 0 win(s), England 1 win(s), and 0 draw(s). Recent Form Panama W 1 -",,,,"Panama vs England - live score, predicted lineups and H2H stats",https://www.fotmob.com/matches/panama-vs-england/1pukme,fotmob.com,0.9,2026-06-18T18:48:05.035348+00:00
537413,Panama,England,recent_form,"Panama vs England - live score, predicted lineups and H2H stats Jun 27, 2026, The current head to head record for the teams are Panama 0 win(s), England 1 win(s), and 0 draw(s). Recent Form Panama W 1 -",,Panama,,"Panama vs England - live score, predicted lineups and H2H stats",https://www.fotmob.com/matches/panama-vs-england/1pukme,fotmob.com,0.9,2026-06-18T18:48:05.035410+00:00
537413,Panama,England,market_consensus,"Form and head to head stats Panama vs England - Sky Sports Panama vs England. FIFA World Cup Group L. 10:00pm, Saturday 27th June 2026. MetLife Stadium. Panama 0. England 0. Latest FIFA World Cup Odds.",,,,Form and head to head stats Panama vs England - Sky Sports,https://www.skysports.com/football/panama-vs-england/549837,skysports.com,0.9,2026-06-18T18:48:05.035580+00:00
537413,Panama,England,h2h,"Form and head to head stats Panama vs England - Sky Sports Panama vs England. FIFA World Cup Group L. 10:00pm, Saturday 27th June 2026. MetLife Stadium. Panama 0. England 0. Latest FIFA World Cup Odds.",,,,Form and head to head stats Panama vs England - Sky Sports,https://www.skysports.com/football/panama-vs-england/549837,skysports.com,0.9,2026-06-18T18:48:05.035660+00:00
537413,Panama,England,market_consensus,"Panama vs. England - Live Score - June 27, 2026 | FOX Sports View the Panama vs. England game played on June 27, 2026. Box score, stats, play-by-play timeline, highlights, odds & more.",,,,"Panama vs. England - Live Score - June 27, 2026 | FOX Sports",https://www.foxsports.com/soccer/fifa-world-cup-men-panama-vs-england-jun-27-2026-game-boxscore-647682,foxsports.com,0.35,2026-06-18T18:48:05.036113+00:00
537413,Panama,England,injury,"Team News: Ghana vs. Panama injury, suspension list, predicted XIs Panama/https%3A%2F%2Fsportsmole-media-prod.s3.gra.io.cloud.ovh.net%2F21%2F12%2Fpanlog.png). # Team News: Ghana vs. Panama injury, suspension list, predicted XIs | World Cup ",,Panama,,"Team News: Ghana vs. Panama injury, suspension list, predicted XIs",https://www.sportsmole.co.uk/football/ghana/injury-news/team-news/ghana-vs-panama-injury-suspension-list-predicted-xis_599289.html,sportsmole.co.uk,0.7,2026-06-18T18:48:05.037573+00:00
537413,Panama,England,lineup,"Team News: Ghana vs. Panama injury, suspension list, predicted XIs Panama/https%3A%2F%2Fsportsmole-media-prod.s3.gra.io.cloud.ovh.net%2F21%2F12%2Fpanlog.png). # Team News: Ghana vs. Panama injury, suspension list, predicted XIs | World Cup ",,Panama,,"Team News: Ghana vs. Panama injury, suspension list, predicted XIs",https://www.sportsmole.co.uk/football/ghana/injury-news/team-news/ghana-vs-panama-injury-suspension-list-predicted-xis_599289.html,sportsmole.co.uk,0.7,2026-06-18T18:48:05.037785+00:00
537413,Panama,England,source_note,"Team News: Ghana vs. Panama injury, suspension list, predicted XIs Panama/https%3A%2F%2Fsportsmole-media-prod.s3.gra.io.cloud.ovh.net%2F21%2F12%2Fpanlog.png). # Team News: Ghana vs. Panama injury, suspension list, predicted XIs | World Cup ",,,,"Team News: Ghana vs. Panama injury, suspension list, predicted XIs",https://www.sportsmole.co.uk/football/ghana/injury-news/team-news/ghana-vs-panama-injury-suspension-list-predicted-xis_599289.html,sportsmole.co.uk,0.7,2026-06-18T18:48:05.038102+00:00
537413,Panama,England,lineup,2026 World Cup Predicted Lineups – All 48 Teams - Bulinews # Predicted lineups for all 48 teams at the World Cup. Looking for predicted lineups for your 2026 World Cup Fantasy team? This article features our predicted lineups for all 48 tea,,England,,2026 World Cup Predicted Lineups – All 48 Teams - Bulinews,https://bulinews.com/predicted-lineups-for-all-48-teams-the-2026-world-cup,bulinews.com,0.35,2026-06-18T18:48:05.038732+00:00
537413,Panama,England,key_player,2026 World Cup Predicted Lineups – All 48 Teams - Bulinews # Predicted lineups for all 48 teams at the World Cup. Looking for predicted lineups for your 2026 World Cup Fantasy team? This article features our predicted lineups for all 48 tea,,England,,2026 World Cup Predicted Lineups – All 48 Teams - Bulinews,https://bulinews.com/predicted-lineups-for-all-48-teams-the-2026-world-cup,bulinews.com,0.35,2026-06-18T18:48:05.038991+00:00
537413,Panama,England,source_note,2026 World Cup Predicted Lineups – All 48 Teams - Bulinews # Predicted lineups for all 48 teams at the World Cup. Looking for predicted lineups for your 2026 World Cup Fantasy team? This article features our predicted lineups for all 48 tea,,,,2026 World Cup Predicted Lineups – All 48 Teams - Bulinews,https://bulinews.com/predicted-lineups-for-all-48-teams-the-2026-world-cup,bulinews.com,0.35,2026-06-18T18:48:05.039317+00:00
537413,Panama,England,injury,"England XI vs Croatia: Predicted lineup, confirmed team news, injury ... Celebration: Harry Kane scored twice as England beat Croatia 4-2 in their World Cup opener in Dallas. England are off to an emphatic winning start at the 2026 World Cu",,England,,"England XI vs Croatia: Predicted lineup, confirmed team news, injury ...",https://www.standard.co.uk/sport/football/england-xi-vs-croatia-predicted-lineup-confirmed-team-news-injury-latest-world-cup-2026-today-b1286032.html,standard.co.uk,0.35,2026-06-18T18:48:05.039907+00:00
537413,Panama,England,lineup,"England XI vs Croatia: Predicted lineup, confirmed team news, injury ... Celebration: Harry Kane scored twice as England beat Croatia 4-2 in their World Cup opener in Dallas. England are off to an emphatic winning start at the 2026 World Cu",,England,,"England XI vs Croatia: Predicted lineup, confirmed team news, injury ...",https://www.standard.co.uk/sport/football/england-xi-vs-croatia-predicted-lineup-confirmed-team-news-injury-latest-world-cup-2026-today-b1286032.html,standard.co.uk,0.35,2026-06-18T18:48:05.040103+00:00
537413,Panama,England,market_consensus,"Panama World Cup Odds: Squad, Path to the Final & Top Picks Panama's odds to win the 2026 World Cup are around +100000 at leading US sportsbooks, an implied probability of about 0.1%.",,,,"Panama World Cup Odds: Squad, Path to the Final & Top Picks",https://www.squawka.com/us/outright-markets/panama-world-cup-2026-odds,squawka.com,0.7,2026-06-18T18:48:05.040331+00:00
537413,Panama,England,market_consensus,England World Cup 2026 Odds - World Cup Winner Odds Home Best Football World Cup Betting Sites for UK Players in 2026 England to Win World Cup Odds for 2026. # England to Win World Cup Odds for 2026. England World Cup odds of 6/1 put them t,,,,England World Cup 2026 Odds - World Cup Winner Odds,https://gamingamerica.com/uk/world-cup-betting-sites/england-odds,gamingamerica.com,0.35,2026-06-18T18:48:05.040953+00:00
537413,Panama,England,market_consensus,England World Cup odds 2026: Compare odds on England to win World Cup - Yahoo Sports # England World Cup odds 2026: Compare odds on England to win World Cup. Thomas Tuchel’s side are third favourites for the World Cup (Getty). This page det,,,,England World Cup odds 2026: Compare odds on England to win World Cup - Yahoo Sports,https://sports.yahoo.com/articles/england-world-cup-odds-2026-100456650.html,sports.yahoo.com,0.35,2026-06-18T18:48:05.041636+00:00
537413,Panama,England,market_consensus,England World Cup Odds & Betting Guide for 2026 - TheLines.com Home » Odds » World Cup » England Odds. # England world cup odds for 2026: Latest betting lines for the England national team. England World Cup odds for 2026 are already drawin,,,,England World Cup Odds & Betting Guide for 2026 - TheLines.com,https://www.thelines.com/odds/world-cup/england-odds,thelines.com,0.35,2026-06-18T18:48:05.042309+00:00
537413,Panama,England,key_player,England World Cup Odds & Betting Guide for 2026 - TheLines.com Home » Odds » World Cup » England Odds. # England world cup odds for 2026: Latest betting lines for the England national team. England World Cup odds for 2026 are already drawin,,England,,England World Cup Odds & Betting Guide for 2026 - TheLines.com,https://www.thelines.com/odds/world-cup/england-odds,thelines.com,0.35,2026-06-18T18:48:05.042596+00:00
537413,Panama,England,source_note,England World Cup Odds & Betting Guide for 2026 - TheLines.com Home » Odds » World Cup » England Odds. # England world cup odds for 2026: Latest betting lines for the England national team. England World Cup odds for 2026 are already drawin,,,,England World Cup Odds & Betting Guide for 2026 - TheLines.com,https://www.thelines.com/odds/world-cup/england-odds,thelines.com,0.35,2026-06-18T18:48:05.042803+00:00
537413,Panama,England,market_consensus,"World Cup 2026 Predictions and Betting Tips | xGscore Football Predictions, Soccer Stats, Scores & Betting Tips based on xG | xGscore. * World Cup 2026World Cup 2026**World Cup 2026**. * International FriendliesInternational Friendlies**Int",,,,World Cup 2026 Predictions and Betting Tips | xGscore,https://xgscore.io/world-cup/2026,xgscore.io,0.35,2026-06-18T18:48:05.043438+00:00
537413,Panama,England,source_note,"World Cup 2026 Predictions and Betting Tips | xGscore Football Predictions, Soccer Stats, Scores & Betting Tips based on xG | xGscore. * World Cup 2026World Cup 2026**World Cup 2026**. * International FriendliesInternational Friendlies**Int",,,,World Cup 2026 Predictions and Betting Tips | xGscore,https://xgscore.io/world-cup/2026,xgscore.io,0.35,2026-06-18T18:48:05.043768+00:00
537413,Panama,England,market_consensus,2026 FIFA MEN'S WORLD CUP Expected Goals (Xg) Leaders & Stats | 2 | Canada | 1 | 1 | 1.9 | 1 | 0 | 0 | 1 | 1 | 1 | 0 | 1 | 0 | 0 | 2 | 0 | 0 |. | 4 | Bosnia and Herzegovina | 1 | 1 | 1.2 | 0 | 1 | 1 | 0 | 1 | 0 | 1 | 1 | 0 | 0 | 3 | 0 | 0 |,,,,2026 FIFA MEN'S WORLD CUP Expected Goals (Xg) Leaders & Stats,https://www.foxsports.com/soccer/fifa-world-cup/team-stats?category=standard&sort=t_xg&season=2026&sortOrder=desc&groupId=12,foxsports.com,0.35,2026-06-18T18:48:05.044277+00:00
537413,Panama,England,market_consensus,"World Cup 2026 Group L preview: Prediction, odds, full team ... The Group of Death concept is a casualty of the expanded 48-team field at this World Cup, but Group L may come close. With title hopefuls England along with Croatia, Ghana and ",,,,"World Cup 2026 Group L preview: Prediction, odds, full team ...",https://sports.yahoo.com/articles/world-cup-2026-group-l-210000215.html,sports.yahoo.com,0.35,2026-06-18T18:48:05.044895+00:00
537413,Panama,England,source_note,"Group L World Cup 2026 Preview Predictions | England, Ghana, Croatia, Panama Group L World Cup 2026 Preview Predictions | England, Ghana, Croatia, Panama Have Hope's Football Hut 44300 subscribers 27 likes 646 views 10 Jun 2026 Website - ht",,,,"Group L World Cup 2026 Preview Predictions | England, Ghana, Croatia, Panama",https://www.youtube.com/watch?v=9IBCjWewFxQ,youtube.com,0.35,2026-06-18T18:48:05.045433+00:00
537404,Uzbekistan,Colombia,market_consensus,"Uzbekistan vs Colombia Lineups, Team News & Preview | RotoWire ![Uzbekistan vs Colombia Preview: Predicted Lineups, Team News & Tactical Analysis | 2026 World Cup Group K](https://res.cloudinary.com/rotowire/image/upload/ar_16:7,c_fill,dpr_",,,,"Uzbekistan vs Colombia Lineups, Team News & Preview | RotoWire",https://www.rotowire.com/soccer/article/uzbekistan-vs-colombia-preview-predicted-lineups-team-news-tactical-analysis-2026-world-cup-group-k-118365,rotowire.com,0.35,2026-06-18T18:52:24.386611+00:00
537404,Uzbekistan,Colombia,injury,"Uzbekistan vs Colombia Lineups, Team News & Preview | RotoWire ![Uzbekistan vs Colombia Preview: Predicted Lineups, Team News & Tactical Analysis | 2026 World Cup Group K](https://res.cloudinary.com/rotowire/image/upload/ar_16:7,c_fill,dpr_",,Uzbekistan,,"Uzbekistan vs Colombia Lineups, Team News & Preview | RotoWire",https://www.rotowire.com/soccer/article/uzbekistan-vs-colombia-preview-predicted-lineups-team-news-tactical-analysis-2026-world-cup-group-k-118365,rotowire.com,0.35,2026-06-18T18:52:24.387677+00:00
537404,Uzbekistan,Colombia,lineup,"Uzbekistan vs Colombia Lineups, Team News & Preview | RotoWire ![Uzbekistan vs Colombia Preview: Predicted Lineups, Team News & Tactical Analysis | 2026 World Cup Group K](https://res.cloudinary.com/rotowire/image/upload/ar_16:7,c_fill,dpr_",,Uzbekistan,,"Uzbekistan vs Colombia Lineups, Team News & Preview | RotoWire",https://www.rotowire.com/soccer/article/uzbekistan-vs-colombia-preview-predicted-lineups-team-news-tactical-analysis-2026-world-cup-group-k-118365,rotowire.com,0.35,2026-06-18T18:52:24.388004+00:00
537404,Uzbekistan,Colombia,h2h,"Uzbekistan vs Colombia Lineups, Team News & Preview | RotoWire ![Uzbekistan vs Colombia Preview: Predicted Lineups, Team News & Tactical Analysis | 2026 World Cup Group K](https://res.cloudinary.com/rotowire/image/upload/ar_16:7,c_fill,dpr_",,,,"Uzbekistan vs Colombia Lineups, Team News & Preview | RotoWire",https://www.rotowire.com/soccer/article/uzbekistan-vs-colombia-preview-predicted-lineups-team-news-tactical-analysis-2026-world-cup-group-k-118365,rotowire.com,0.35,2026-06-18T18:52:24.388287+00:00
537404,Uzbekistan,Colombia,tactical_note,"Uzbekistan vs Colombia Lineups, Team News & Preview | RotoWire ![Uzbekistan vs Colombia Preview: Predicted Lineups, Team News & Tactical Analysis | 2026 World Cup Group K](https://res.cloudinary.com/rotowire/image/upload/ar_16:7,c_fill,dpr_",,Uzbekistan,,"Uzbekistan vs Colombia Lineups, Team News & Preview | RotoWire",https://www.rotowire.com/soccer/article/uzbekistan-vs-colombia-preview-predicted-lineups-team-news-tactical-analysis-2026-world-cup-group-k-118365,rotowire.com,0.35,2026-06-18T18:52:24.388593+00:00
537404,Uzbekistan,Colombia,source_note,"Uzbekistan vs Colombia Lineups, Team News & Preview | RotoWire ![Uzbekistan vs Colombia Preview: Predicted Lineups, Team News & Tactical Analysis | 2026 World Cup Group K](https://res.cloudinary.com/rotowire/image/upload/ar_16:7,c_fill,dpr_",,,,"Uzbekistan vs Colombia Lineups, Team News & Preview | RotoWire",https://www.rotowire.com/soccer/article/uzbekistan-vs-colombia-preview-predicted-lineups-team-news-tactical-analysis-2026-world-cup-group-k-118365,rotowire.com,0.35,2026-06-18T18:52:24.388896+00:00
537404,Uzbekistan,Colombia,source_note,"Uzbekistan vs Colombia World Cup 2026 Predictions and Best Bets # Uzbekistan vs Colombia Prediction: World Cup 2026 Preview & Best Bets. Colombia are clear favorites to take the points here, with Luis Diaz and James Rodriguez providing a le",,,,Uzbekistan vs Colombia World Cup 2026 Predictions and Best Bets,https://shekicks.net/uzbekistan-v-colombia-predictions,shekicks.net,0.35,2026-06-18T18:52:24.390125+00:00
537404,Uzbekistan,Colombia,lineup,"Uzbekistan vs Colombia - live score, predicted lineups and H2H stats [![Image 5](https://images.fotmob.com/image_resources/logo/teamlogo/8700.png) ## Uzbekistan](https://www.fotmob.com/en-GB/teams/8700/overview/uzbekistan)3-4-2-1. [![Image ",,Uzbekistan,,"Uzbekistan vs Colombia - live score, predicted lineups and H2H stats",https://www.fotmob.com/en-GB/matches/colombia-vs-uzbekistan/2dm7x9,fotmob.com,0.9,2026-06-18T18:52:24.392156+00:00
537404,Uzbekistan,Colombia,h2h,"Uzbekistan vs Colombia - live score, predicted lineups and H2H stats [![Image 5](https://images.fotmob.com/image_resources/logo/teamlogo/8700.png) ## Uzbekistan](https://www.fotmob.com/en-GB/teams/8700/overview/uzbekistan)3-4-2-1. [![Image ",,,,"Uzbekistan vs Colombia - live score, predicted lineups and H2H stats",https://www.fotmob.com/en-GB/matches/colombia-vs-uzbekistan/2dm7x9,fotmob.com,0.9,2026-06-18T18:52:24.392499+00:00
537404,Uzbekistan,Colombia,source_note,Uzbekistan vs. Colombia live stream: How to watch FIFA World Cup ... * [![Image 40: #](https://www.cbssports.com/_next/static/media/1x1.fc90103f.png) Titans](https://www.cbssports.com/nfl/teams/TEN/tennessee-titans/). * [![Image 43: #](http,,,,Uzbekistan vs. Colombia live stream: How to watch FIFA World Cup ...,https://www.cbssports.com/soccer/news/uzbekistan-colombia-world-cup-2026-preview-predictions-watch,cbssports.com,0.35,2026-06-18T18:52:24.393702+00:00
537404,Uzbekistan,Colombia,market_consensus,"Uzbekistan vs. Colombia Prediction, Odds, Picks For World Cup Match FIFA Men's World Cup. Colombia Prediction, Odds, Picks For World Cup Match. Colombia Prediction, Odds, Picks For World Cup Match. FIFA Men's World Cup. Uzbekistan and Colom",,,,"Uzbekistan vs. Colombia Prediction, Odds, Picks For World Cup Match",https://www.foxsports.com/stories/soccer/2026-world-cup-uzbekistan-colombia-odds-predictions-picks,foxsports.com,0.35,2026-06-18T18:52:24.403994+00:00
537404,Uzbekistan,Colombia,tactical_note,"Uzbekistan vs. Colombia Prediction, Odds, Picks For World Cup Match FIFA Men's World Cup. Colombia Prediction, Odds, Picks For World Cup Match. Colombia Prediction, Odds, Picks For World Cup Match. FIFA Men's World Cup. Uzbekistan and Colom",,Uzbekistan,,"Uzbekistan vs. Colombia Prediction, Odds, Picks For World Cup Match",https://www.foxsports.com/stories/soccer/2026-world-cup-uzbekistan-colombia-odds-predictions-picks,foxsports.com,0.35,2026-06-18T18:52:24.404142+00:00
537404,Uzbekistan,Colombia,source_note,"Uzbekistan vs. Colombia Prediction, Odds, Picks For World Cup Match FIFA Men's World Cup. Colombia Prediction, Odds, Picks For World Cup Match. Colombia Prediction, Odds, Picks For World Cup Match. FIFA Men's World Cup. Uzbekistan and Colom",,,,"Uzbekistan vs. Colombia Prediction, Odds, Picks For World Cup Match",https://www.foxsports.com/stories/soccer/2026-world-cup-uzbekistan-colombia-odds-predictions-picks,foxsports.com,0.35,2026-06-18T18:52:24.394526+00:00
537404,Uzbekistan,Colombia,lineup,"Uzbekistan vs Colombia live score, H2H and lineups - Sofascore Uzbekistan is going head to head with Colombia starting on 18 Jun 2026 at 02:00 UTC at Estadio Azteca stadium, Mexico City city, Mexico. The match is a part of",,Uzbekistan,,"Uzbekistan vs Colombia live score, H2H and lineups - Sofascore",https://www.sofascore.com/football/match/colombia-uzbekistan/yUbsvWb,sofascore.com,0.9,2026-06-18T18:52:24.394648+00:00
537404,Uzbekistan,Colombia,h2h,"Uzbekistan vs Colombia live score, H2H and lineups - Sofascore Uzbekistan is going head to head with Colombia starting on 18 Jun 2026 at 02:00 UTC at Estadio Azteca stadium, Mexico City city, Mexico. The match is a part of",,,,"Uzbekistan vs Colombia live score, H2H and lineups - Sofascore",https://www.sofascore.com/football/match/colombia-uzbekistan/yUbsvWb,sofascore.com,0.9,2026-06-18T18:52:24.394693+00:00
537404,Uzbekistan,Colombia,lineup,"Uzbekistan vs Colombia - live score, predicted lineups and H2H stats Uzbekistan vs Colombia on Thu, Jun 18, 2026, 02:00 UTC. Check live results, H2H, match stats, lineups, player ratings, insights, team forms, shotmap,",,Uzbekistan,,"Uzbekistan vs Colombia - live score, predicted lineups and H2H stats",https://www.fotmob.com/matches/colombia-vs-uzbekistan/2dm7x9,fotmob.com,0.9,2026-06-18T18:52:24.394808+00:00
537404,Uzbekistan,Colombia,h2h,"Uzbekistan vs Colombia - live score, predicted lineups and H2H stats Uzbekistan vs Colombia on Thu, Jun 18, 2026, 02:00 UTC. Check live results, H2H, match stats, lineups, player ratings, insights, team forms, shotmap,",,,,"Uzbekistan vs Colombia - live score, predicted lineups and H2H stats",https://www.fotmob.com/matches/colombia-vs-uzbekistan/2dm7x9,fotmob.com,0.9,2026-06-18T18:52:24.394847+00:00
537404,Uzbekistan,Colombia,h2h,"Uzbekistan v Colombia LIVE 18/06/2026 | Soccer - Flashscore Follow Uzbekistan v Colombia 18/06/2026 live - H2H stats, latest results and more information on Flashscore.",,,,Uzbekistan v Colombia LIVE 18/06/2026 | Soccer - Flashscore,https://www.flashscoreusa.com/game/soccer/colombia-G02s4PCS/uzbekistan-EZYKKRMc,flashscoreusa.com,0.35,2026-06-18T18:52:24.394965+00:00
537404,Uzbekistan,Colombia,tactical_note,"Uzbekistan v Colombia LIVE 18/06/2026 | Soccer - Flashscore Follow Uzbekistan v Colombia 18/06/2026 live - H2H stats, latest results and more information on Flashscore.",,Uzbekistan,,Uzbekistan v Colombia LIVE 18/06/2026 | Soccer - Flashscore,https://www.flashscoreusa.com/game/soccer/colombia-G02s4PCS/uzbekistan-EZYKKRMc,flashscoreusa.com,0.35,2026-06-18T18:52:24.395011+00:00
537404,Uzbekistan,Colombia,lineup,The Possible Lineups of Colombia to Face Uzbekistan in the FIFA World Cup 2026 | beIN SPORTS https://assets-us-01.kc-usercontent.com:443/31dbcbc6-da4c-0033-328a-d7621d0fa726/647fbd0a-9982-4469-a726-76f626b08336/apple-badge.cb24501%402x.png.,,Uzbekistan,,The Possible Lineups of Colombia to Face Uzbekistan in the FIFA World Cup 2026 | beIN SPORTS,https://www.beinsports.com/en-us/soccer/fifa-world-cup-2026/articles/the-possible-lineups-of-colombia-to-face-uzbekistan-in-the-fifa-world-cup-2026-2026-06-17,beinsports.com,0.35,2026-06-18T18:52:24.397155+00:00
537404,Uzbekistan,Colombia,tactical_note,Uzbekistan vs Colombia FIFA World Cup 2026 Preview: Everything you need to know | Goal.com # Uzbekistan vs Colombia FIFA World Cup 2026 Preview: Everything you need to know. [Uzbekistan vs Colombia](/en/match/uzbekistan-vs-colombia/meg7S0uJ,,Uzbekistan,,Uzbekistan vs Colombia FIFA World Cup 2026 Preview: Everything you need to know | Goal.com,https://www.goal.com/en/news/uzbekistan-colombia-world-cup-preview/bltd5f07d2b89067908,goal.com,0.35,2026-06-18T18:52:24.397665+00:00
537404,Uzbekistan,Colombia,source_note,Uzbekistan vs Colombia FIFA World Cup 2026 Preview: Everything you need to know | Goal.com # Uzbekistan vs Colombia FIFA World Cup 2026 Preview: Everything you need to know. [Uzbekistan vs Colombia](/en/match/uzbekistan-vs-colombia/meg7S0uJ,,,,Uzbekistan vs Colombia FIFA World Cup 2026 Preview: Everything you need to know | Goal.com,https://www.goal.com/en/news/uzbekistan-colombia-world-cup-preview/bltd5f07d2b89067908,goal.com,0.35,2026-06-18T18:52:24.397804+00:00
537404,Uzbekistan,Colombia,market_consensus,"2026 World Cup Group K Preview: Portugal, Colombia, DR ... # 2026 World Cup Group K Preview: Portugal, Colombia, DR Congo and Uzbekistan Lineups, Odds, Predictions and Tactics. Your complete 2026 World Cup Group K breakdown: Portugal, Colom",,,,"2026 World Cup Group K Preview: Portugal, Colombia, DR ...",https://www.rotowire.com/soccer/article/2026-world-cup-group-k-preview-portugal-dr-congo-uzbekistan-and-colombia-lineups-odds-predictions-and-tactics-113000,rotowire.com,0.35,2026-06-18T18:52:24.398082+00:00
537404,Uzbekistan,Colombia,lineup,"2026 World Cup Group K Preview: Portugal, Colombia, DR ... # 2026 World Cup Group K Preview: Portugal, Colombia, DR Congo and Uzbekistan Lineups, Odds, Predictions and Tactics. Your complete 2026 World Cup Group K breakdown: Portugal, Colom",,Uzbekistan,,"2026 World Cup Group K Preview: Portugal, Colombia, DR ...",https://www.rotowire.com/soccer/article/2026-world-cup-group-k-preview-portugal-dr-congo-uzbekistan-and-colombia-lineups-odds-predictions-and-tactics-113000,rotowire.com,0.35,2026-06-18T18:52:24.398189+00:00
537404,Uzbekistan,Colombia,tactical_note,"2026 World Cup Group K Preview: Portugal, Colombia, DR ... # 2026 World Cup Group K Preview: Portugal, Colombia, DR Congo and Uzbekistan Lineups, Odds, Predictions and Tactics. Your complete 2026 World Cup Group K breakdown: Portugal, Colom",,Uzbekistan,,"2026 World Cup Group K Preview: Portugal, Colombia, DR ...",https://www.rotowire.com/soccer/article/2026-world-cup-group-k-preview-portugal-dr-congo-uzbekistan-and-colombia-lineups-odds-predictions-and-tactics-113000,rotowire.com,0.35,2026-06-18T18:52:24.398298+00:00
537404,Uzbekistan,Colombia,source_note,"2026 World Cup Group K Preview: Portugal, Colombia, DR ... # 2026 World Cup Group K Preview: Portugal, Colombia, DR Congo and Uzbekistan Lineups, Odds, Predictions and Tactics. Your complete 2026 World Cup Group K breakdown: Portugal, Colom",,,,"2026 World Cup Group K Preview: Portugal, Colombia, DR ...",https://www.rotowire.com/soccer/article/2026-world-cup-group-k-preview-portugal-dr-congo-uzbekistan-and-colombia-lineups-odds-predictions-and-tactics-113000,rotowire.com,0.35,2026-06-18T18:52:24.398393+00:00
537404,Uzbekistan,Colombia,market_consensus,"Uzbekistan World Cup Odds: Squad, Path to the Final & Top Picks Uzbekistan's odds to win the 2026 World Cup are around +100000 at leading US sportsbooks, an implied probability of about 0.1%. Uzbekistan sit",,,,"Uzbekistan World Cup Odds: Squad, Path to the Final & Top Picks",https://www.squawka.com/us/outright-markets/uzbekistan-world-cup-2026-odds,squawka.com,0.7,2026-06-18T18:52:24.398489+00:00
537404,Uzbekistan,Colombia,market_consensus,"Uzbekistan vs Colombia Odds and Lines | 2026 World Cup - BetUS # Uzbekistan vs Colombia Odds and Lines | 2026 World Cup. SportsbookCasinoLive BettingPokerRacebookPromotionsContestsLocker RoomBetUS TVLoyaltyWise GuyCrypto HelpCALL 512-3887 """,,,,Uzbekistan vs Colombia Odds and Lines | 2026 World Cup - BetUS,https://www.betus.com.pa/sportsbook/fifa/world-cup/uzbekistan-vs-colombia,betus.com.pa,0.35,2026-06-18T18:52:24.398785+00:00
537404,Uzbekistan,Colombia,market_consensus,"Colombia vs. Uzbekistan odds, predictions, time: 2026 World Cup ... * [![Image 1](blob:http://localhost/b5a8b227cac91232038194897b2f1622)![Image 2: 247 Sports](blob:http://localhost/b9a31d3949b1882a09ed2f8508d538f3)World Cup](https://www.sp",,,,"Colombia vs. Uzbekistan odds, predictions, time: 2026 World Cup ...",https://www.sportsline.com/insiders/colombia-vs-uzbekistan-odds-predictions-time-2026-world-cup-picks-from-elite-soccer-expert,sportsline.com,0.35,2026-06-18T18:52:24.399354+00:00
537404,Uzbekistan,Colombia,source_note,"Colombia vs. Uzbekistan odds, predictions, time: 2026 World Cup ... * [![Image 1](blob:http://localhost/b5a8b227cac91232038194897b2f1622)![Image 2: 247 Sports](blob:http://localhost/b9a31d3949b1882a09ed2f8508d538f3)World Cup](https://www.sp",,,,"Colombia vs. Uzbekistan odds, predictions, time: 2026 World Cup ...",https://www.sportsline.com/insiders/colombia-vs-uzbekistan-odds-predictions-time-2026-world-cup-picks-from-elite-soccer-expert,sportsline.com,0.35,2026-06-18T18:52:24.399570+00:00
537404,Uzbekistan,Colombia,market_consensus,"Uzbekistan vs. Colombia (Jun 17, 2026) Odds and Spread - ESPN [](https://www.espn.com/soccer/match/_/gameId/760433/algeria-argentina). [Summary](https://www.espn.com/soccer/match/_/gameId/760433/algeria-argentina)[Report](https://www.espn.c",,,,"Uzbekistan vs. Colombia (Jun 17, 2026) Odds and Spread - ESPN",https://www.espn.com/soccer/odds/_/gameId/760436,espn.com,0.9,2026-06-18T18:52:24.400559+00:00
537404,Uzbekistan,Colombia,source_note,"Uzbekistan vs. Colombia (Jun 17, 2026) Odds and Spread - ESPN [](https://www.espn.com/soccer/match/_/gameId/760433/algeria-argentina). [Summary](https://www.espn.com/soccer/match/_/gameId/760433/algeria-argentina)[Report](https://www.espn.c",,,,"Uzbekistan vs. Colombia (Jun 17, 2026) Odds and Spread - ESPN",https://www.espn.com/soccer/odds/_/gameId/760436,espn.com,0.9,2026-06-18T18:52:24.400964+00:00
537404,Uzbekistan,Colombia,market_consensus,"Uzbekistan — Colombia xG (Expected goals) Stats, World Cup 2026, June 18, 2026 | xGscore Football Predictions, Soccer Stats, Scores & Betting Tips based on xG | xGscore. * World Cup 2026World Cup 2026**World Cup 2026**. * Premier LeaguePrem",,,,"Uzbekistan — Colombia xG (Expected goals) Stats, World Cup 2026, June 18, 2026 | xGscore",https://xgscore.io/world-cup/uzbekistan-colombia/xg-statistics,xgscore.io,0.35,2026-06-18T18:52:24.401428+00:00
537404,Uzbekistan,Colombia,source_note,"Uzbekistan — Colombia xG (Expected goals) Stats, World Cup 2026, June 18, 2026 | xGscore Football Predictions, Soccer Stats, Scores & Betting Tips based on xG | xGscore. * World Cup 2026World Cup 2026**World Cup 2026**. * Premier LeaguePrem",,,,"Uzbekistan — Colombia xG (Expected goals) Stats, World Cup 2026, June 18, 2026 | xGscore",https://xgscore.io/world-cup/uzbekistan-colombia/xg-statistics,xgscore.io,0.35,2026-06-18T18:52:24.401563+00:00
537404,Uzbekistan,Colombia,lineup,"Uzbekistan vs. Colombia Prediction, Picks, Lineups for World Cup 2026 Colombia Prediction, Picks, Lineups for World Cup 2026. Colombia prediction and expert picks for the 2026 FIFA World Cup match on Wednesday, June 17. Uzbekistan is set to",,Uzbekistan,,"Uzbekistan vs. Colombia Prediction, Picks, Lineups for World Cup 2026",https://www.prizepicks.com/playbook-article/uzbekistan-vs-colombia-prediction-picks-lineups-world-cup-2026,prizepicks.com,0.35,2026-06-18T18:52:24.401888+00:00
537404,Uzbekistan,Colombia,key_player,"Uzbekistan vs. Colombia Prediction, Picks, Lineups for World Cup 2026 Colombia Prediction, Picks, Lineups for World Cup 2026. Colombia prediction and expert picks for the 2026 FIFA World Cup match on Wednesday, June 17. Uzbekistan is set to",,Uzbekistan,,"Uzbekistan vs. Colombia Prediction, Picks, Lineups for World Cup 2026",https://www.prizepicks.com/playbook-article/uzbekistan-vs-colombia-prediction-picks-lineups-world-cup-2026,prizepicks.com,0.35,2026-06-18T18:52:24.402007+00:00
537404,Uzbekistan,Colombia,source_note,"Uzbekistan vs. Colombia Prediction, Picks, Lineups for World Cup 2026 Colombia Prediction, Picks, Lineups for World Cup 2026. Colombia prediction and expert picks for the 2026 FIFA World Cup match on Wednesday, June 17. Uzbekistan is set to",,,,"Uzbekistan vs. Colombia Prediction, Picks, Lineups for World Cup 2026",https://www.prizepicks.com/playbook-article/uzbekistan-vs-colombia-prediction-picks-lineups-world-cup-2026,prizepicks.com,0.35,2026-06-18T18:52:24.402128+00:00
537404,Uzbekistan,Colombia,market_consensus,"Uzbekistan vs Colombia Prediction | World Cup Group K Picks [11:38 Group K Preview: Portugal, Colombia, DR Congo, Uzbekistan Alexi Lalas' State of the Union Podcast 40K views • 7 days ago Live Playlist ()Mix (50+)](https://www.youtube.com/w",,,,Uzbekistan vs Colombia Prediction | World Cup Group K Picks,https://www.youtube.com/watch?v=XCPOWpMKILg,youtube.com,0.35,2026-06-18T18:52:24.402765+00:00
537404,Uzbekistan,Colombia,source_note,"Uzbekistan vs Colombia Prediction | World Cup Group K Picks [11:38 Group K Preview: Portugal, Colombia, DR Congo, Uzbekistan Alexi Lalas' State of the Union Podcast 40K views • 7 days ago Live Playlist ()Mix (50+)](https://www.youtube.com/w",,,,Uzbekistan vs Colombia Prediction | World Cup Group K Picks,https://www.youtube.com/watch?v=XCPOWpMKILg,youtube.com,0.35,2026-06-18T18:52:24.403047+00:00
537404,Uzbekistan,Colombia,market_consensus,"Uzbekistan World Cup 2026 Preview: Tactics, Key Players, Group K Predictions & xG Analysis Uzbekistan World Cup 2026 Preview: Tactics, Key Players, Group K Predictions & xG Analysis Tactical Logic AI 592 subscribers 10 likes 1090 views 5 Ju",,,,"Uzbekistan World Cup 2026 Preview: Tactics, Key Players, Group K Predictions & xG Analysis",https://www.youtube.com/watch?v=G1ujxpYj5K0,youtube.com,0.35,2026-06-18T18:52:24.403361+00:00
537404,Uzbekistan,Colombia,key_player,"Uzbekistan World Cup 2026 Preview: Tactics, Key Players, Group K Predictions & xG Analysis Uzbekistan World Cup 2026 Preview: Tactics, Key Players, Group K Predictions & xG Analysis Tactical Logic AI 592 subscribers 10 likes 1090 views 5 Ju",,Uzbekistan,,"Uzbekistan World Cup 2026 Preview: Tactics, Key Players, Group K Predictions & xG Analysis",https://www.youtube.com/watch?v=G1ujxpYj5K0,youtube.com,0.35,2026-06-18T18:52:24.403498+00:00
537404,Uzbekistan,Colombia,tactical_note,"Uzbekistan World Cup 2026 Preview: Tactics, Key Players, Group K Predictions & xG Analysis Uzbekistan World Cup 2026 Preview: Tactics, Key Players, Group K Predictions & xG Analysis Tactical Logic AI 592 subscribers 10 likes 1090 views 5 Ju",,Uzbekistan,,"Uzbekistan World Cup 2026 Preview: Tactics, Key Players, Group K Predictions & xG Analysis",https://www.youtube.com/watch?v=G1ujxpYj5K0,youtube.com,0.35,2026-06-18T18:52:24.403589+00:00
537404,Uzbekistan,Colombia,source_note,"Uzbekistan World Cup 2026 Preview: Tactics, Key Players, Group K Predictions & xG Analysis Uzbekistan World Cup 2026 Preview: Tactics, Key Players, Group K Predictions & xG Analysis Tactical Logic AI 592 subscribers 10 likes 1090 views 5 Ju",,,,"Uzbekistan World Cup 2026 Preview: Tactics, Key Players, Group K Predictions & xG Analysis",https://www.youtube.com/watch?v=G1ujxpYj5K0,youtube.com,0.35,2026-06-18T18:52:24.403689+00:00
537336,Canada,Qatar,lineup,"PREVIEW | Canada vs Qatar: team news, lineups, predictions (World Cup 18/06) - Yahoo Sports # PREVIEW | Canada vs Qatar: team news, lineups, predictions (World Cup 18/06). Canada and Qatar go head-to-head at BC Place this Thursday in the Wo",,Canada,,"PREVIEW | Canada vs Qatar: team news, lineups, predictions (World Cup 18/06) - Yahoo Sports",https://sports.yahoo.com/articles/preview-canada-vs-qatar-team-220500170.html,sports.yahoo.com,0.35,2026-06-19T05:19:24.509985+00:00
537336,Canada,Qatar,h2h,"PREVIEW | Canada vs Qatar: team news, lineups, predictions (World Cup 18/06) - Yahoo Sports # PREVIEW | Canada vs Qatar: team news, lineups, predictions (World Cup 18/06). Canada and Qatar go head-to-head at BC Place this Thursday in the Wo",,,,"PREVIEW | Canada vs Qatar: team news, lineups, predictions (World Cup 18/06) - Yahoo Sports",https://sports.yahoo.com/articles/preview-canada-vs-qatar-team-220500170.html,sports.yahoo.com,0.35,2026-06-19T05:19:24.510533+00:00
537336,Canada,Qatar,source_note,"PREVIEW | Canada vs Qatar: team news, lineups, predictions (World Cup 18/06) - Yahoo Sports # PREVIEW | Canada vs Qatar: team news, lineups, predictions (World Cup 18/06). Canada and Qatar go head-to-head at BC Place this Thursday in the Wo",,,,"PREVIEW | Canada vs Qatar: team news, lineups, predictions (World Cup 18/06) - Yahoo Sports",https://sports.yahoo.com/articles/preview-canada-vs-qatar-team-220500170.html,sports.yahoo.com,0.35,2026-06-19T05:19:24.511180+00:00
537336,Canada,Qatar,market_consensus,Canada vs Qatar World Cup 2026 Predictions and Tips + [Team Analysis](https://totalfootballanalysis.com/category/team-analysis). * [FIFA World Cup 2026](https://totalfootballanalysis.com/category/competitions/fifa-world-cup-2026). * [Compet,,,,Canada vs Qatar World Cup 2026 Predictions and Tips,https://totalfootballanalysis.com/competitions/fifa-world-cup-2026/canada-v-qatar-predictions,totalfootballanalysis.com,0.35,2026-06-19T05:19:24.514970+00:00
537336,Canada,Qatar,source_note,Canada vs Qatar World Cup 2026 Predictions and Tips + [Team Analysis](https://totalfootballanalysis.com/category/team-analysis). * [FIFA World Cup 2026](https://totalfootballanalysis.com/category/competitions/fifa-world-cup-2026). * [Compet,,,,Canada vs Qatar World Cup 2026 Predictions and Tips,https://totalfootballanalysis.com/competitions/fifa-world-cup-2026/canada-v-qatar-predictions,totalfootballanalysis.com,0.35,2026-06-19T05:19:24.516214+00:00
537336,Canada,Qatar,market_consensus,"Canada vs Qatar Prediction, Best Bets, Picks & Lineups for World ... * [![Image 25: Canada icon](https://www.fanduel.com/research/_next/image?url=https%3A%2F%2Fcdn.sanity.io%2Fimages%2Fpbwem9y5%2Fch_production%2Ffa6c559f40eec39c15081965a05f",,,,"Canada vs Qatar Prediction, Best Bets, Picks & Lineups for World ...",https://www.fanduel.com/research/canada-vs-qatar-prediction-best-bets-picks-and-lineups-for-world-cup-2026,fanduel.com,0.35,2026-06-19T05:19:24.519049+00:00
537336,Canada,Qatar,lineup,"Canada vs Qatar Prediction, Best Bets, Picks & Lineups for World ... * [![Image 25: Canada icon](https://www.fanduel.com/research/_next/image?url=https%3A%2F%2Fcdn.sanity.io%2Fimages%2Fpbwem9y5%2Fch_production%2Ffa6c559f40eec39c15081965a05f",,Canada,,"Canada vs Qatar Prediction, Best Bets, Picks & Lineups for World ...",https://www.fanduel.com/research/canada-vs-qatar-prediction-best-bets-picks-and-lineups-for-world-cup-2026,fanduel.com,0.35,2026-06-19T05:19:24.520297+00:00
537336,Canada,Qatar,source_note,"Canada vs Qatar Prediction, Best Bets, Picks & Lineups for World ... * [![Image 25: Canada icon](https://www.fanduel.com/research/_next/image?url=https%3A%2F%2Fcdn.sanity.io%2Fimages%2Fpbwem9y5%2Fch_production%2Ffa6c559f40eec39c15081965a05f",,,,"Canada vs Qatar Prediction, Best Bets, Picks & Lineups for World ...",https://www.fanduel.com/research/canada-vs-qatar-prediction-best-bets-picks-and-lineups-for-world-cup-2026,fanduel.com,0.35,2026-06-19T05:19:24.521204+00:00
537336,Canada,Qatar,market_consensus,Canada vs Qatar Props & SGP! | World Cup Picks Today - YouTube Canada vs Qatar Props & SGP! | World Cup Picks Today WagerTalk TV: Sports Picks and Betting Tips 252000 subscribers 9 likes 132 views 17 Jun 2026 If you are looking for World Cu,,,,Canada vs Qatar Props & SGP! | World Cup Picks Today - YouTube,https://www.youtube.com/watch?v=5nbR7YCUK4M,youtube.com,0.35,2026-06-19T05:19:24.526817+00:00
537336,Canada,Qatar,tactical_note,Canada vs Qatar Props & SGP! | World Cup Picks Today - YouTube Canada vs Qatar Props & SGP! | World Cup Picks Today WagerTalk TV: Sports Picks and Betting Tips 252000 subscribers 9 likes 132 views 17 Jun 2026 If you are looking for World Cu,,Canada,,Canada vs Qatar Props & SGP! | World Cup Picks Today - YouTube,https://www.youtube.com/watch?v=5nbR7YCUK4M,youtube.com,0.35,2026-06-19T05:19:24.528680+00:00
537336,Canada,Qatar,source_note,Canada vs Qatar Props & SGP! | World Cup Picks Today - YouTube Canada vs Qatar Props & SGP! | World Cup Picks Today WagerTalk TV: Sports Picks and Betting Tips 252000 subscribers 9 likes 132 views 17 Jun 2026 If you are looking for World Cu,,,,Canada vs Qatar Props & SGP! | World Cup Picks Today - YouTube,https://www.youtube.com/watch?v=5nbR7YCUK4M,youtube.com,0.35,2026-06-19T05:19:24.529979+00:00
537336,Canada,Qatar,recent_form,"Canada vs Qatar World Cup 2026 Predictions and Best Bets | Juvefc.com # Canada vs Qatar Prediction: World Cup 2026 Preview & Best Bets. **Fixture:** Canada vs Qatar | **Date:** Thursday, 18 June 2026 | **Kick-off:** 23:00 BST | **Venue:** B",,Canada,,Canada vs Qatar World Cup 2026 Predictions and Best Bets | Juvefc.com,https://www.juvefc.com/canada-v-qatar-predictions,juvefc.com,0.35,2026-06-19T05:19:24.531540+00:00
537336,Canada,Qatar,source_note,"Canada vs Qatar World Cup 2026 Predictions and Best Bets | Juvefc.com # Canada vs Qatar Prediction: World Cup 2026 Preview & Best Bets. **Fixture:** Canada vs Qatar | **Date:** Thursday, 18 June 2026 | **Kick-off:** 23:00 BST | **Venue:** B",,,,Canada vs Qatar World Cup 2026 Predictions and Best Bets | Juvefc.com,https://www.juvefc.com/canada-v-qatar-predictions,juvefc.com,0.35,2026-06-19T05:19:24.532042+00:00
537336,Canada,Qatar,market_consensus,"Canada vs Qatar | H2H, Form, Odds & Match Preview - Coolbet Canada and Qatar meet at BC Place in Vancouver on June 18th, 2026, in a Group Stage fixture after both sides opened their campaigns with 1-1",,,,"Canada vs Qatar | H2H, Form, Odds & Match Preview - Coolbet",https://www.coolbet.com/ca/canada-vs-qatar-preview,coolbet.com,0.35,2026-06-19T05:19:24.532574+00:00
537336,Canada,Qatar,h2h,"Canada vs Qatar | H2H, Form, Odds & Match Preview - Coolbet Canada and Qatar meet at BC Place in Vancouver on June 18th, 2026, in a Group Stage fixture after both sides opened their campaigns with 1-1",,,,"Canada vs Qatar | H2H, Form, Odds & Match Preview - Coolbet",https://www.coolbet.com/ca/canada-vs-qatar-preview,coolbet.com,0.35,2026-06-19T05:19:24.532781+00:00
537336,Canada,Qatar,source_note,"Canada vs Qatar | H2H, Form, Odds & Match Preview - Coolbet Canada and Qatar meet at BC Place in Vancouver on June 18th, 2026, in a Group Stage fixture after both sides opened their campaigns with 1-1",,,,"Canada vs Qatar | H2H, Form, Odds & Match Preview - Coolbet",https://www.coolbet.com/ca/canada-vs-qatar-preview,coolbet.com,0.35,2026-06-19T05:19:24.532972+00:00
537336,Canada,Qatar,lineup,"Canada vs Qatar live score, H2H and lineups - Sofascore Canada is going head to head with Qatar starting on 18 Jun 2026 at 22:00 UTC at BC Place stadium, Vancouver city, Canada. The match is a part of the FIFA World",,Canada,,"Canada vs Qatar live score, H2H and lineups - Sofascore",https://www.sofascore.com/football/match/qatar-canada/cVbsRVb,sofascore.com,0.9,2026-06-19T05:19:24.533505+00:00
537336,Canada,Qatar,h2h,"Canada vs Qatar live score, H2H and lineups - Sofascore Canada is going head to head with Qatar starting on 18 Jun 2026 at 22:00 UTC at BC Place stadium, Vancouver city, Canada. The match is a part of the FIFA World",,,,"Canada vs Qatar live score, H2H and lineups - Sofascore",https://www.sofascore.com/football/match/qatar-canada/cVbsRVb,sofascore.com,0.9,2026-06-19T05:19:24.533676+00:00
537336,Canada,Qatar,market_consensus,"Canada VS Qatar: Live Scores, Lineups, H2H & Odds - 365Scores Canada will take on Qatar on Thursday, June 18, 2026 at BC Place (Vancouver) as part of Group Stage in the FIFA World Cup. Get ready for an exciting soccer",,,,"Canada VS Qatar: Live Scores, Lineups, H2H & Odds - 365Scores",https://www.365scores.com/football/match/fifa-world-cup-5930/canada-qatar-2388-5079-5930,365scores.com,0.35,2026-06-19T05:19:24.534145+00:00
537336,Canada,Qatar,lineup,"Canada VS Qatar: Live Scores, Lineups, H2H & Odds - 365Scores Canada will take on Qatar on Thursday, June 18, 2026 at BC Place (Vancouver) as part of Group Stage in the FIFA World Cup. Get ready for an exciting soccer",,Canada,,"Canada VS Qatar: Live Scores, Lineups, H2H & Odds - 365Scores",https://www.365scores.com/football/match/fifa-world-cup-5930/canada-qatar-2388-5079-5930,365scores.com,0.35,2026-06-19T05:19:24.534447+00:00
537336,Canada,Qatar,h2h,"Canada VS Qatar: Live Scores, Lineups, H2H & Odds - 365Scores Canada will take on Qatar on Thursday, June 18, 2026 at BC Place (Vancouver) as part of Group Stage in the FIFA World Cup. Get ready for an exciting soccer",,,,"Canada VS Qatar: Live Scores, Lineups, H2H & Odds - 365Scores",https://www.365scores.com/football/match/fifa-world-cup-5930/canada-qatar-2388-5079-5930,365scores.com,0.35,2026-06-19T05:19:24.534594+00:00
537336,Canada,Qatar,h2h,"Canada v Qatar 18/06/2026 | Football - Flashscore.com Follow Canada v Qatar 18/06/2026 match information, Canada latest results, news, highlights and Canada v Qatar H2H statistics! Flashscore football coverage",,,,Canada v Qatar 18/06/2026 | Football - Flashscore.com,https://www.flashscore.com/match/football/canada-x4toKORL/qatar-zqzHL77i,flashscore.com,0.9,2026-06-19T05:19:24.535580+00:00
537336,Canada,Qatar,tactical_note,"Canada v Qatar 18/06/2026 | Football - Flashscore.com Follow Canada v Qatar 18/06/2026 match information, Canada latest results, news, highlights and Canada v Qatar H2H statistics! Flashscore football coverage",,Canada,,Canada v Qatar 18/06/2026 | Football - Flashscore.com,https://www.flashscore.com/match/football/canada-x4toKORL/qatar-zqzHL77i,flashscore.com,0.9,2026-06-19T05:19:24.535746+00:00
537336,Canada,Qatar,injury,"Canada vs. Qatar injury, suspension list, predicted XIs Qatar/https%3A%2F%2Fsportsmole-media-prod.s3.gra.io.cloud.ovh.net%2F21%2F12%2Fqatlog.png). # Team News: Canada vs. Qatar injury, suspension list, predicted XIs | World Cup 2026. Qatar ",,Canada,,"Canada vs. Qatar injury, suspension list, predicted XIs",https://www.sportsmole.co.uk/football/canada/world-cup-2026/team-news/canada-vs-qatar-injury-suspension-list-predicted-xis_599326.html,sportsmole.co.uk,0.7,2026-06-19T05:19:24.536886+00:00
537336,Canada,Qatar,lineup,"Canada vs. Qatar injury, suspension list, predicted XIs Qatar/https%3A%2F%2Fsportsmole-media-prod.s3.gra.io.cloud.ovh.net%2F21%2F12%2Fqatlog.png). # Team News: Canada vs. Qatar injury, suspension list, predicted XIs | World Cup 2026. Qatar ",,Canada,,"Canada vs. Qatar injury, suspension list, predicted XIs",https://www.sportsmole.co.uk/football/canada/world-cup-2026/team-news/canada-vs-qatar-injury-suspension-list-predicted-xis_599326.html,sportsmole.co.uk,0.7,2026-06-19T05:19:24.537253+00:00
537336,Canada,Qatar,source_note,"Canada vs. Qatar injury, suspension list, predicted XIs Qatar/https%3A%2F%2Fsportsmole-media-prod.s3.gra.io.cloud.ovh.net%2F21%2F12%2Fqatlog.png). # Team News: Canada vs. Qatar injury, suspension list, predicted XIs | World Cup 2026. Qatar ",,,,"Canada vs. Qatar injury, suspension list, predicted XIs",https://www.sportsmole.co.uk/football/canada/world-cup-2026/team-news/canada-vs-qatar-injury-suspension-list-predicted-xis_599326.html,sportsmole.co.uk,0.7,2026-06-19T05:19:24.537801+00:00
537336,Canada,Qatar,lineup,"Canada vs. Qatar—World Cup: Preview, Predictions and Lineups [Skip to main content](https://www.si.com/soccer/canada-vs-qatar-world-cup-preview-predictions-lineups-6-18-26#main). * #### [WORLD CUP](https://www.si.com/soccer/world-cup). * ##",,Canada,,"Canada vs. Qatar—World Cup: Preview, Predictions and Lineups",https://www.si.com/soccer/canada-vs-qatar-world-cup-preview-predictions-lineups-6-18-26,si.com,0.35,2026-06-19T05:19:24.568187+00:00
537336,Canada,Qatar,source_note,"Canada vs. Qatar—World Cup: Preview, Predictions and Lineups [Skip to main content](https://www.si.com/soccer/canada-vs-qatar-world-cup-preview-predictions-lineups-6-18-26#main). * #### [WORLD CUP](https://www.si.com/soccer/world-cup). * ##",,,,"Canada vs. Qatar—World Cup: Preview, Predictions and Lineups",https://www.si.com/soccer/canada-vs-qatar-world-cup-preview-predictions-lineups-6-18-26,si.com,0.35,2026-06-19T05:19:24.541882+00:00
537336,Canada,Qatar,market_consensus,"Canada vs. Qatar projected lineups, starting 11 for World Cup 2026 Group B game at BC Place | Sporting News Qatar projected lineups, starting 11 for World Cup 2026 Group B game at BC Place. Qatar projected lineups, starting 11 for World Cup",,,,"Canada vs. Qatar projected lineups, starting 11 for World Cup 2026 Group B game at BC Place | Sporting News",https://www.sportingnews.com/us/soccer/news/canada-vs-qatar-lineup-starting-11-world-cup-2026/0fe356867a095ba3019b6901,sportingnews.com,0.35,2026-06-19T05:19:24.543006+00:00
537336,Canada,Qatar,lineup,"Canada vs. Qatar projected lineups, starting 11 for World Cup 2026 Group B game at BC Place | Sporting News Qatar projected lineups, starting 11 for World Cup 2026 Group B game at BC Place. Qatar projected lineups, starting 11 for World Cup",,Canada,,"Canada vs. Qatar projected lineups, starting 11 for World Cup 2026 Group B game at BC Place | Sporting News",https://www.sportingnews.com/us/soccer/news/canada-vs-qatar-lineup-starting-11-world-cup-2026/0fe356867a095ba3019b6901,sportingnews.com,0.35,2026-06-19T05:19:24.543574+00:00
537336,Canada,Qatar,source_note,"Canada vs. Qatar projected lineups, starting 11 for World Cup 2026 Group B game at BC Place | Sporting News Qatar projected lineups, starting 11 for World Cup 2026 Group B game at BC Place. Qatar projected lineups, starting 11 for World Cup",,,,"Canada vs. Qatar projected lineups, starting 11 for World Cup 2026 Group B game at BC Place | Sporting News",https://www.sportingnews.com/us/soccer/news/canada-vs-qatar-lineup-starting-11-world-cup-2026/0fe356867a095ba3019b6901,sportingnews.com,0.35,2026-06-19T05:19:24.543988+00:00
537336,Canada,Qatar,injury,"Canada vs Qatar – Predicted lineup and team news - Yahoo Sports # Canada vs Qatar – Predicted lineup and team news. **Canada face Asian champions Qatar at BC Place tonight, desperate to secure their first tournament victory.**. ## Canada te",,Canada,,Canada vs Qatar – Predicted lineup and team news - Yahoo Sports,https://sports.yahoo.com/articles/canada-vs-qatar-predicted-lineup-084000269.html,sports.yahoo.com,0.35,2026-06-19T05:19:24.545253+00:00
537336,Canada,Qatar,lineup,"Canada vs Qatar – Predicted lineup and team news - Yahoo Sports # Canada vs Qatar – Predicted lineup and team news. **Canada face Asian champions Qatar at BC Place tonight, desperate to secure their first tournament victory.**. ## Canada te",,Canada,,Canada vs Qatar – Predicted lineup and team news - Yahoo Sports,https://sports.yahoo.com/articles/canada-vs-qatar-predicted-lineup-084000269.html,sports.yahoo.com,0.35,2026-06-19T05:19:24.545770+00:00
537336,Canada,Qatar,market_consensus,"2026 World Cup Group B Preview: Canada, Bosnia, Qatar ... * [World Cup Lineups](https://www.rotowire.com/soccer/lineups.php?league=WOC). [Skip to main content](https://www.rotowire.com/soccer/article/2026-world-cup-group-b-preview-canada-bo",,,,"2026 World Cup Group B Preview: Canada, Bosnia, Qatar ...",https://www.rotowire.com/soccer/article/2026-world-cup-group-b-preview-canada-bosnia-and-herzegovina-qatar-and-switzerland-lineups-odds-predictions-and-tactics-111899,rotowire.com,0.35,2026-06-19T05:19:24.547778+00:00
537336,Canada,Qatar,lineup,"2026 World Cup Group B Preview: Canada, Bosnia, Qatar ... * [World Cup Lineups](https://www.rotowire.com/soccer/lineups.php?league=WOC). [Skip to main content](https://www.rotowire.com/soccer/article/2026-world-cup-group-b-preview-canada-bo",,Canada,,"2026 World Cup Group B Preview: Canada, Bosnia, Qatar ...",https://www.rotowire.com/soccer/article/2026-world-cup-group-b-preview-canada-bosnia-and-herzegovina-qatar-and-switzerland-lineups-odds-predictions-and-tactics-111899,rotowire.com,0.35,2026-06-19T05:19:24.548368+00:00
537336,Canada,Qatar,tactical_note,"2026 World Cup Group B Preview: Canada, Bosnia, Qatar ... * [World Cup Lineups](https://www.rotowire.com/soccer/lineups.php?league=WOC). [Skip to main content](https://www.rotowire.com/soccer/article/2026-world-cup-group-b-preview-canada-bo",,Canada,,"2026 World Cup Group B Preview: Canada, Bosnia, Qatar ...",https://www.rotowire.com/soccer/article/2026-world-cup-group-b-preview-canada-bosnia-and-herzegovina-qatar-and-switzerland-lineups-odds-predictions-and-tactics-111899,rotowire.com,0.35,2026-06-19T05:19:24.549017+00:00
537336,Canada,Qatar,source_note,"2026 World Cup Group B Preview: Canada, Bosnia, Qatar ... * [World Cup Lineups](https://www.rotowire.com/soccer/lineups.php?league=WOC). [Skip to main content](https://www.rotowire.com/soccer/article/2026-world-cup-group-b-preview-canada-bo",,,,"2026 World Cup Group B Preview: Canada, Bosnia, Qatar ...",https://www.rotowire.com/soccer/article/2026-world-cup-group-b-preview-canada-bosnia-and-herzegovina-qatar-and-switzerland-lineups-odds-predictions-and-tactics-111899,rotowire.com,0.35,2026-06-19T05:19:24.549613+00:00
537336,Canada,Qatar,market_consensus,"Canada World Cup Odds: Squad, Path to the Final & Top Picks Canada's odds to win the 2026 World Cup are around +10000 at leading US sportsbooks, an implied probability of about 1%.",,,,"Canada World Cup Odds: Squad, Path to the Final & Top Picks",https://www.squawka.com/us/outright-markets/canada-world-cup-2026-odds,squawka.com,0.7,2026-06-19T05:19:24.550006+00:00
537336,Canada,Qatar,market_consensus,"FIFA World Cup 2026 Betting Odds | Futures, Spreads & Lines Canada currently sits at longer odds (+15000 on this board), reflecting a lower implied probability compared to top-tier teams.",,,,"FIFA World Cup 2026 Betting Odds | Futures, Spreads & Lines",https://www.sportsinteraction.com/en-ca/sports/soccer-4/betting/world-6/world-cup-2026-0:14,sportsinteraction.com,0.35,2026-06-19T05:19:24.550523+00:00
537336,Canada,Qatar,market_consensus,"Canada vs. Qatar Prediction, Odds, Best Prop Bet for World Cup ... Betting odds, pick and prediction for the Group B match between Canada and Qatar on Thursday night. No team in Group B at the 2026 World Cup has picked up a win, as two draw",,,,"Canada vs. Qatar Prediction, Odds, Best Prop Bet for World Cup ...",https://www.si.com/betting/canada-vs-qatar-prediction-odds-best-prop-bet-for-world-cup-group-stage,si.com,0.35,2026-06-19T05:19:24.551662+00:00
537336,Canada,Qatar,source_note,"Canada vs. Qatar Prediction, Odds, Best Prop Bet for World Cup ... Betting odds, pick and prediction for the Group B match between Canada and Qatar on Thursday night. No team in Group B at the 2026 World Cup has picked up a win, as two draw",,,,"Canada vs. Qatar Prediction, Odds, Best Prop Bet for World Cup ...",https://www.si.com/betting/canada-vs-qatar-prediction-odds-best-prop-bet-for-world-cup-group-stage,si.com,0.35,2026-06-19T05:19:24.552249+00:00
537336,Canada,Qatar,market_consensus,Canada vs Qatar Prediction | Home Pressure Edge - YouTube Canada vs Qatar Prediction | Home Pressure Edge Tactical Logic AI 618 subscribers 1 likes 27 views 13 Jun 2026 Canada vs Qatar gets a full tactical and statistical preview ahead of t,,,,Canada vs Qatar Prediction | Home Pressure Edge - YouTube,https://www.youtube.com/watch?v=9Ggnhxo_kAc&vl=en,youtube.com,0.35,2026-06-19T05:19:24.556030+00:00
537336,Canada,Qatar,lineup,Canada vs Qatar Prediction | Home Pressure Edge - YouTube Canada vs Qatar Prediction | Home Pressure Edge Tactical Logic AI 618 subscribers 1 likes 27 views 13 Jun 2026 Canada vs Qatar gets a full tactical and statistical preview ahead of t,,Canada,,Canada vs Qatar Prediction | Home Pressure Edge - YouTube,https://www.youtube.com/watch?v=9Ggnhxo_kAc&vl=en,youtube.com,0.35,2026-06-19T05:19:24.556700+00:00
537336,Canada,Qatar,tactical_note,Canada vs Qatar Prediction | Home Pressure Edge - YouTube Canada vs Qatar Prediction | Home Pressure Edge Tactical Logic AI 618 subscribers 1 likes 27 views 13 Jun 2026 Canada vs Qatar gets a full tactical and statistical preview ahead of t,,Canada,,Canada vs Qatar Prediction | Home Pressure Edge - YouTube,https://www.youtube.com/watch?v=9Ggnhxo_kAc&vl=en,youtube.com,0.35,2026-06-19T05:19:24.557218+00:00
537336,Canada,Qatar,source_note,Canada vs Qatar Prediction | Home Pressure Edge - YouTube Canada vs Qatar Prediction | Home Pressure Edge Tactical Logic AI 618 subscribers 1 likes 27 views 13 Jun 2026 Canada vs Qatar gets a full tactical and statistical preview ahead of t,,,,Canada vs Qatar Prediction | Home Pressure Edge - YouTube,https://www.youtube.com/watch?v=9Ggnhxo_kAc&vl=en,youtube.com,0.35,2026-06-19T05:19:24.554962+00:00
537336,Canada,Qatar,market_consensus,Canada vs Qatar Predictions and Picks! BEST World Cup Bets Today! Canada vs Qatar Predictions and Picks! BEST World Cup Bets Today! WagerTalk TV: Sports Picks and Betting Tips 251000 subscribers 4 likes 28 views 17 Jun 2026 If you are looki,,,,Canada vs Qatar Predictions and Picks! BEST World Cup Bets Today!,https://www.youtube.com/watch?v=UEKSz43nfQ0,youtube.com,0.35,2026-06-19T05:19:24.561697+00:00
537336,Canada,Qatar,source_note,Canada vs Qatar Predictions and Picks! BEST World Cup Bets Today! Canada vs Qatar Predictions and Picks! BEST World Cup Bets Today! WagerTalk TV: Sports Picks and Betting Tips 251000 subscribers 4 likes 28 views 17 Jun 2026 If you are looki,,,,Canada vs Qatar Predictions and Picks! BEST World Cup Bets Today!,https://www.youtube.com/watch?v=UEKSz43nfQ0,youtube.com,0.35,2026-06-19T05:19:24.563112+00:00
537336,Canada,Qatar,market_consensus,2026 FIFA MEN'S WORLD CUP Expected Goals (Xg) Leaders & Stats | 2 | Canada | 1 | 1 | 1.9 | 1 | 0 | 0 | 1 | 1 | 1 | 0 | 1 | 0 | 0 | 2 | 0 | 0 |. | 4 | Bosnia and Herzegovina | 1 | 1 | 1.2 | 0 | 1 | 1 | 0 | 1 | 0 | 1 | 1 | 0 | 0 | 3 | 0 | 0 |,,,,2026 FIFA MEN'S WORLD CUP Expected Goals (Xg) Leaders & Stats,https://www.foxsports.com/soccer/fifa-world-cup/team-stats?category=standard&sort=t_xg&season=2026&sortOrder=desc&groupId=12,foxsports.com,0.35,2026-06-19T05:19:24.564384+00:00
537348,United States,Australia,recent_form,"USA vs. Australia Prediction: 2026 FIFA World Cup ... Australia Prediction: 2026 FIFA World Cup Preview and Pick. Folarin Balogun, USA, World Cup. June 12, 2026; Inglewood, California, U.S.; Folarin Balogun of the U.S. scores their third go",,United States,,USA vs. Australia Prediction: 2026 FIFA World Cup ...,https://vsin.com/soccer/usa-vs-australia-prediction-2026-fifa-world-cup-preview-and-pick,vsin.com,0.35,2026-06-19T05:23:26.210246+00:00
537348,United States,Australia,source_note,"USA vs. Australia Prediction: 2026 FIFA World Cup ... Australia Prediction: 2026 FIFA World Cup Preview and Pick. Folarin Balogun, USA, World Cup. June 12, 2026; Inglewood, California, U.S.; Folarin Balogun of the U.S. scores their third go",,,,USA vs. Australia Prediction: 2026 FIFA World Cup ...,https://vsin.com/soccer/usa-vs-australia-prediction-2026-fifa-world-cup-preview-and-pick,vsin.com,0.35,2026-06-19T05:23:26.210768+00:00
537348,United States,Australia,market_consensus,USA vs Australia Prediction & Odds 2026 | Ireland - Topend Sports # USA vs Australia World Cup Prediction. **We back a tight 1-0 USA win in a cagey second-round fixture**. The 2026 FIFA World Cup reaches a pivotal second round of group matc,,,,USA vs Australia Prediction & Odds 2026 | Ireland - Topend Sports,https://www.topendsports.com/en-ie/sports-betting/football/world-cup/predictions/usa-vs-australia,topendsports.com,0.35,2026-06-19T05:23:26.211706+00:00
537348,United States,Australia,source_note,USA vs Australia Prediction & Odds 2026 | Ireland - Topend Sports # USA vs Australia World Cup Prediction. **We back a tight 1-0 USA win in a cagey second-round fixture**. The 2026 FIFA World Cup reaches a pivotal second round of group matc,,,,USA vs Australia Prediction & Odds 2026 | Ireland - Topend Sports,https://www.topendsports.com/en-ie/sports-betting/football/world-cup/predictions/usa-vs-australia,topendsports.com,0.35,2026-06-19T05:23:26.212471+00:00
537348,United States,Australia,market_consensus,Experts release latest USA-Australia World Cup prediction with uncertainty on Pulisic’s status - cleveland.com # Experts release latest USA-Australia World Cup prediction with uncertainty on Pulisic’s status. Paraguay at 2026 FIFA World Cup,,,,Experts release latest USA-Australia World Cup prediction with uncertainty on Pulisic’s status - cleveland.com,https://www.cleveland.com/betting/2026/06/experts-release-latest-usa-australia-world-cup-prediction-with-uncertainty-on-pulisics-status.html,cleveland.com,0.35,2026-06-19T05:23:26.213701+00:00
537348,United States,Australia,source_note,Experts release latest USA-Australia World Cup prediction with uncertainty on Pulisic’s status - cleveland.com # Experts release latest USA-Australia World Cup prediction with uncertainty on Pulisic’s status. Paraguay at 2026 FIFA World Cup,,,,Experts release latest USA-Australia World Cup prediction with uncertainty on Pulisic’s status - cleveland.com,https://www.cleveland.com/betting/2026/06/experts-release-latest-usa-australia-world-cup-prediction-with-uncertainty-on-pulisics-status.html,cleveland.com,0.35,2026-06-19T05:23:26.214448+00:00
537348,United States,Australia,weather_note,USA-Australia - FIFA World Cup 2026 Statistical Preview \* Values in brackets (x) are overall player statistics in World Cup Grp. D. * Star man Christian Pulisic has been training individually and will be assessed late on. | 1 | USA | 1 | 0,,,,USA-Australia - FIFA World Cup 2026 Statistical Preview,https://www.whoscored.com/matches/1953866/preview/international-fifa-world-cup-2026-usa-australia,whoscored.com,0.35,2026-06-19T05:23:26.252498+00:00
537348,United States,Australia,source_note,USA-Australia - FIFA World Cup 2026 Statistical Preview \* Values in brackets (x) are overall player statistics in World Cup Grp. D. * Star man Christian Pulisic has been training individually and will be assessed late on. | 1 | USA | 1 | 0,,,,USA-Australia - FIFA World Cup 2026 Statistical Preview,https://www.whoscored.com/matches/1953866/preview/international-fifa-world-cup-2026-usa-australia,whoscored.com,0.35,2026-06-19T05:23:26.215546+00:00
537348,United States,Australia,market_consensus,Our FAVORITE Bet for USA vs Australia | World Cup Picks - YouTube 🇺🇸 Our FAVORITE Bet for USA vs Australia | World Cup Picks The Action Network: Sports Betting Picks & Tips 80800 subscribers 5 likes 258 views 18 Jun 2026 The USMNT returns t,,,,Our FAVORITE Bet for USA vs Australia | World Cup Picks - YouTube,https://www.youtube.com/watch?v=Eyom6ty8IgI,youtube.com,0.35,2026-06-19T05:23:26.217700+00:00
537348,United States,Australia,key_player,Our FAVORITE Bet for USA vs Australia | World Cup Picks - YouTube 🇺🇸 Our FAVORITE Bet for USA vs Australia | World Cup Picks The Action Network: Sports Betting Picks & Tips 80800 subscribers 5 likes 258 views 18 Jun 2026 The USMNT returns t,,United States,,Our FAVORITE Bet for USA vs Australia | World Cup Picks - YouTube,https://www.youtube.com/watch?v=Eyom6ty8IgI,youtube.com,0.35,2026-06-19T05:23:26.218807+00:00
537348,United States,Australia,tactical_note,Our FAVORITE Bet for USA vs Australia | World Cup Picks - YouTube 🇺🇸 Our FAVORITE Bet for USA vs Australia | World Cup Picks The Action Network: Sports Betting Picks & Tips 80800 subscribers 5 likes 258 views 18 Jun 2026 The USMNT returns t,,United States,,Our FAVORITE Bet for USA vs Australia | World Cup Picks - YouTube,https://www.youtube.com/watch?v=Eyom6ty8IgI,youtube.com,0.35,2026-06-19T05:23:26.219846+00:00
537348,United States,Australia,source_note,Our FAVORITE Bet for USA vs Australia | World Cup Picks - YouTube 🇺🇸 Our FAVORITE Bet for USA vs Australia | World Cup Picks The Action Network: Sports Betting Picks & Tips 80800 subscribers 5 likes 258 views 18 Jun 2026 The USMNT returns t,,,,Our FAVORITE Bet for USA vs Australia | World Cup Picks - YouTube,https://www.youtube.com/watch?v=Eyom6ty8IgI,youtube.com,0.35,2026-06-19T05:23:26.220608+00:00
537348,United States,Australia,h2h,"USA v Australia LIVE 19/06/2026 | Soccer - Flashscore USA v Australia (19/06/2026) Scores. History, key players, fixtures and predictions. USA latest results, news, information, USA v Australia H2H statistics!",,,,USA v Australia LIVE 19/06/2026 | Soccer - Flashscore,https://www.flashscoreusa.com/game/soccer/australia-xSrf6qMM/usa-fuitL4CF,flashscoreusa.com,0.35,2026-06-19T05:23:26.221011+00:00
537348,United States,Australia,key_player,"USA v Australia LIVE 19/06/2026 | Soccer - Flashscore USA v Australia (19/06/2026) Scores. History, key players, fixtures and predictions. USA latest results, news, information, USA v Australia H2H statistics!",,Australia,,USA v Australia LIVE 19/06/2026 | Soccer - Flashscore,https://www.flashscoreusa.com/game/soccer/australia-xSrf6qMM/usa-fuitL4CF,flashscoreusa.com,0.35,2026-06-19T05:23:26.221152+00:00
537348,United States,Australia,tactical_note,"USA v Australia LIVE 19/06/2026 | Soccer - Flashscore USA v Australia (19/06/2026) Scores. History, key players, fixtures and predictions. USA latest results, news, information, USA v Australia H2H statistics!",,Australia,,USA v Australia LIVE 19/06/2026 | Soccer - Flashscore,https://www.flashscoreusa.com/game/soccer/australia-xSrf6qMM/usa-fuitL4CF,flashscoreusa.com,0.35,2026-06-19T05:23:26.221282+00:00
537348,United States,Australia,source_note,"USA v Australia LIVE 19/06/2026 | Soccer - Flashscore USA v Australia (19/06/2026) Scores. History, key players, fixtures and predictions. USA latest results, news, information, USA v Australia H2H statistics!",,,,USA v Australia LIVE 19/06/2026 | Soccer - Flashscore,https://www.flashscoreusa.com/game/soccer/australia-xSrf6qMM/usa-fuitL4CF,flashscoreusa.com,0.35,2026-06-19T05:23:26.221509+00:00
537348,United States,Australia,source_note,"USA vs Australia: World Cup 2026 prediction, kick-off time, TV, live ... USA vs Australia is scheduled for a 8pm BST kick-off on Friday, June 19, 2026. USA to win, 3-1. USA are now unbeaten in three against Australia",,,,"USA vs Australia: World Cup 2026 prediction, kick-off time, TV, live ...",https://uk.sports.yahoo.com/news/usa-vs-australia-world-cup-131623328.html,uk.sports.yahoo.com,0.35,2026-06-19T05:23:26.221893+00:00
537348,United States,Australia,recent_form,"USMNT vs. Australia: Opponent Profile, Recent Form & History Here's everything you need to know about Australia ahead of a Friday clash in which the USMNT will be eager to add to its perfect 6-0-0 record",,Australia,,"USMNT vs. Australia: Opponent Profile, Recent Form & History",https://www.ussoccer.com/stories/2026/06/usmnt/opponent-profile-australia-seattle-washington-world-cup-match-preview,ussoccer.com,0.35,2026-06-19T05:23:26.222267+00:00
537348,United States,Australia,h2h,"USA vs Australia Head to Head History - AiScore Last 5, USA won 2, Draw 0, Lose 3, 2.0 Goals per match, 2.4 Goals Conceded per match, Asian Handicap Win%: 40.0%, Total Goals Over%: 80.0%. Last 5, Australia",,,,USA vs Australia Head to Head History - AiScore,https://www.aiscore.com/head-to-head/soccer-australia-vs-usa,aiscore.com,0.35,2026-06-19T05:23:26.222713+00:00
537348,United States,Australia,recent_form,"USA vs Australia Head to Head History - AiScore Last 5, USA won 2, Draw 0, Lose 3, 2.0 Goals per match, 2.4 Goals Conceded per match, Asian Handicap Win%: 40.0%, Total Goals Over%: 80.0%. Last 5, Australia",,Australia,,USA vs Australia Head to Head History - AiScore,https://www.aiscore.com/head-to-head/soccer-australia-vs-usa,aiscore.com,0.35,2026-06-19T05:23:26.222851+00:00
537348,United States,Australia,market_consensus,"United States vs Australia Predictions, Picks & Odds - 19/06/2026 Trends to Know about United States vs Australia. USA unbeaten in head-to-head meetings; Hosts scored four in opening match; Australia kept clean",,,,"United States vs Australia Predictions, Picks & Odds - 19/06/2026",https://www.toffeeweb.com/united-states-vs-australia-predictions-picks-odds-19-06-2026,toffeeweb.com,0.35,2026-06-19T05:23:26.224659+00:00
537348,United States,Australia,h2h,"United States vs Australia Predictions, Picks & Odds - 19/06/2026 Trends to Know about United States vs Australia. USA unbeaten in head-to-head meetings; Hosts scored four in opening match; Australia kept clean",,,,"United States vs Australia Predictions, Picks & Odds - 19/06/2026",https://www.toffeeweb.com/united-states-vs-australia-predictions-picks-odds-19-06-2026,toffeeweb.com,0.35,2026-06-19T05:23:26.224881+00:00
537348,United States,Australia,source_note,"United States vs Australia Predictions, Picks & Odds - 19/06/2026 Trends to Know about United States vs Australia. USA unbeaten in head-to-head meetings; Hosts scored four in opening match; Australia kept clean",,,,"United States vs Australia Predictions, Picks & Odds - 19/06/2026",https://www.toffeeweb.com/united-states-vs-australia-predictions-picks-odds-19-06-2026,toffeeweb.com,0.35,2026-06-19T05:23:26.225055+00:00
537348,United States,Australia,lineup,"team news, lineups, predictions (World Cup 19/06) # PREVIEW | USA vs Australia: team news, lineups, predictions (World Cup 19/06). USA and Australia face each other this Friday at the Lumen Field of the World Cup. The match will be broadcas",,Australia,,"team news, lineups, predictions (World Cup 19/06)",https://sports.yahoo.com/articles/preview-usa-vs-australia-team-190100772.html,sports.yahoo.com,0.35,2026-06-19T05:23:26.226288+00:00
537348,United States,Australia,source_note,"team news, lineups, predictions (World Cup 19/06) # PREVIEW | USA vs Australia: team news, lineups, predictions (World Cup 19/06). USA and Australia face each other this Friday at the Lumen Field of the World Cup. The match will be broadcas",,,,"team news, lineups, predictions (World Cup 19/06)",https://sports.yahoo.com/articles/preview-usa-vs-australia-team-190100772.html,sports.yahoo.com,0.35,2026-06-19T05:23:26.226713+00:00
537348,United States,Australia,weather_note,USA vs Australia FIFA World Cup 2026 Preview: Everything you need to know * Clubs- [x] * [![Image 2: crest](https://cdn.sportfeeds.io/sdl/images/team/crest/medium/7a7uyvix8axi28h7d3bwl4tbe.png?quality=60&auto=webp&format=pjpg)Inter Miami](h,,,,USA vs Australia FIFA World Cup 2026 Preview: Everything you need to know,https://www.goal.com/en-us/news/usa-australia-world-cup-preview/blt5390354708818a6c,goal.com,0.35,2026-06-19T05:23:26.230489+00:00
537348,United States,Australia,source_note,USA vs Australia FIFA World Cup 2026 Preview: Everything you need to know * Clubs- [x] * [![Image 2: crest](https://cdn.sportfeeds.io/sdl/images/team/crest/medium/7a7uyvix8axi28h7d3bwl4tbe.png?quality=60&auto=webp&format=pjpg)Inter Miami](h,,,,USA vs Australia FIFA World Cup 2026 Preview: Everything you need to know,https://www.goal.com/en-us/news/usa-australia-world-cup-preview/blt5390354708818a6c,goal.com,0.35,2026-06-19T05:23:26.231196+00:00
537348,United States,Australia,market_consensus,"World Cup 2026 Group D Preview: USA, Paraguay, Australia & Turkiye * [World Cup Group Odds](https://www.rotowire.com/betting/soccer/world-cup-group-winner-odds.php). * [World Cup Projections](https://www.rotowire.com/soccer/projections.php?",,,,"World Cup 2026 Group D Preview: USA, Paraguay, Australia & Turkiye",https://www.rotowire.com/soccer/article/2026-world-cup-group-d-preview-united-states-paraguay-australia-turkiye-tactics-lineups-set-pieces-odds-110622,rotowire.com,0.35,2026-06-19T05:23:26.233465+00:00
537348,United States,Australia,lineup,"World Cup 2026 Group D Preview: USA, Paraguay, Australia & Turkiye * [World Cup Group Odds](https://www.rotowire.com/betting/soccer/world-cup-group-winner-odds.php). * [World Cup Projections](https://www.rotowire.com/soccer/projections.php?",,United States,,"World Cup 2026 Group D Preview: USA, Paraguay, Australia & Turkiye",https://www.rotowire.com/soccer/article/2026-world-cup-group-d-preview-united-states-paraguay-australia-turkiye-tactics-lineups-set-pieces-odds-110622,rotowire.com,0.35,2026-06-19T05:23:26.234123+00:00
537348,United States,Australia,tactical_note,"World Cup 2026 Group D Preview: USA, Paraguay, Australia & Turkiye * [World Cup Group Odds](https://www.rotowire.com/betting/soccer/world-cup-group-winner-odds.php). * [World Cup Projections](https://www.rotowire.com/soccer/projections.php?",,United States,,"World Cup 2026 Group D Preview: USA, Paraguay, Australia & Turkiye",https://www.rotowire.com/soccer/article/2026-world-cup-group-d-preview-united-states-paraguay-australia-turkiye-tactics-lineups-set-pieces-odds-110622,rotowire.com,0.35,2026-06-19T05:23:26.234787+00:00
537348,United States,Australia,source_note,"World Cup 2026 Group D Preview: USA, Paraguay, Australia & Turkiye * [World Cup Group Odds](https://www.rotowire.com/betting/soccer/world-cup-group-winner-odds.php). * [World Cup Projections](https://www.rotowire.com/soccer/projections.php?",,,,"World Cup 2026 Group D Preview: USA, Paraguay, Australia & Turkiye",https://www.rotowire.com/soccer/article/2026-world-cup-group-d-preview-united-states-paraguay-australia-turkiye-tactics-lineups-set-pieces-odds-110622,rotowire.com,0.35,2026-06-19T05:23:26.235364+00:00
537348,United States,Australia,lineup,USA predicted lineup vs Australia: Will Pochettino make changes as ... # How will USA line up vs Australia in second game of 2026 World Cup as Pochettino’s USMNT seek 2-0 start? Mauricio Pochettino’s first lineup for the United States men’s,,United States,,USA predicted lineup vs Australia: Will Pochettino make changes as ...,https://www.nbcsports.com/soccer/news/how-will-usa-line-up-against-australia-in-second-game-of-their-2026-world-cup-as-pochettinos-usmnt-seek-2-0-start,nbcsports.com,0.35,2026-06-19T05:23:26.236476+00:00
537348,United States,Australia,tactical_note,"USMNT vs Australia at World Cup 2026: TV channel, how to watch, kick-off time, live stream, referee, predicted line-ups - ESPN It's a top of the table clash in Group D of the 2026 FIFA World Cup when the United States men's national team ta",,United States,,"USMNT vs Australia at World Cup 2026: TV channel, how to watch, kick-off time, live stream, referee, predicted line-ups - ESPN",https://www.espn.com.au/football/story/_/id/49093966/fifa-world-cup-2026-usmnt-vs-australia-channel-how-watch-kickoff-live-stream-referee-predicted-lineups,espn.com.au,0.35,2026-06-19T05:23:26.237633+00:00
537348,United States,Australia,market_consensus,Opening odds for USA vs. Australia in the 2026 FIFA World Cup # Opening odds for USA vs. Australia in the 2026 FIFA World Cup. Take a look at the opening odds for the FIFA World Cup fixture between the United States and Australia in Group D,,,,Opening odds for USA vs. Australia in the 2026 FIFA World Cup,https://dknetwork.draftkings.com/2026/06/14/opening-odds-for-usa-vs-australia-in-the-fifa-2026-world-cup,dknetwork.draftkings.com,0.35,2026-06-19T05:23:26.238607+00:00
537348,United States,Australia,market_consensus,"2026 World Cup Odds | Odds to Win World Cup - Vegas Insider * [World Cup](https://www.vegasinsider.com/soccer/odds/world-cup/). * [World Cup](https://www.vegasinsider.com/soccer/odds/world-cup/). For more World Cup odds, check out [bet365](",,,,2026 World Cup Odds | Odds to Win World Cup - Vegas Insider,https://www.vegasinsider.com/soccer/odds/world-cup,vegasinsider.com,0.35,2026-06-19T05:23:26.241648+00:00
537348,United States,Australia,market_consensus,"USA vs. Australia (Jun 19, 2026) Odds and Spread - ESPN # USA v Australia. ## Game Odds Odds by. ## Recent Schedule. | DATE | OPP | RESULT | SPREAD | TOTAL |. | 6/14 | vsTUR | W 2-0 | +0.5 | 2.5 |. | 5/30 | @MEX | L 1-0 | +0.5 | 2.5 |. ## B",,,,"USA vs. Australia (Jun 19, 2026) Odds and Spread - ESPN",https://www.espn.com/soccer/odds/_/gameId/760442,espn.com,0.9,2026-06-19T05:23:26.242689+00:00
537348,United States,Australia,market_consensus,"2026 World Cup Odds Tracker - by Neil Paine - Neil's Substack [![Image 1: Neil’s Substack](https://substackcdn.com/image/fetch/$s_!r9Kc!,w_40,h_40,c_fill,f_auto,q_auto:good,fl_progressive:steep/https%3A%2F%2Fsubstack-post-media.s3.amazonaws",,,,2026 World Cup Odds Tracker - by Neil Paine - Neil's Substack,https://neilpaine.substack.com/p/2026-world-cup-odds-tracker,neilpaine.substack.com,0.35,2026-06-19T05:23:26.247428+00:00
537348,United States,Australia,market_consensus,FIFA World Cup Odds & Win Probability 2026: Favorites & Analysis * [World Cup](https://www.covers.com/betting/world-cup-sites). * [Sportsbook Promos](https://www.covers.com/betting/bonuses). * [World Cup 2026 Odds](https://www.covers.com/wo,,,,FIFA World Cup Odds & Win Probability 2026: Favorites & Analysis,https://www.covers.com/world-cup/odds,covers.com,0.35,2026-06-19T05:23:26.250752+00:00
537348,United States,Australia,source_note,FIFA World Cup Odds & Win Probability 2026: Favorites & Analysis * [World Cup](https://www.covers.com/betting/world-cup-sites). * [Sportsbook Promos](https://www.covers.com/betting/bonuses). * [World Cup 2026 Odds](https://www.covers.com/wo,,,,FIFA World Cup Odds & Win Probability 2026: Favorites & Analysis,https://www.covers.com/world-cup/odds,covers.com,0.35,2026-06-19T05:23:26.251753+00:00
537348,United States,Australia,market_consensus,2026 FIFA MEN'S WORLD CUP Expected Goals (Xg) Leaders & Stats | 2 | Canada | 1 | 1 | 1.9 | 1 | 0 | 0 | 1 | 1 | 1 | 0 | 1 | 0 | 0 | 2 | 0 | 0 |. | 4 | Bosnia and Herzegovina | 1 | 1 | 1.2 | 0 | 1 | 1 | 0 | 1 | 0 | 1 | 1 | 0 | 0 | 3 | 0 | 0 |,,,,2026 FIFA MEN'S WORLD CUP Expected Goals (Xg) Leaders & Stats,https://www.foxsports.com/soccer/fifa-world-cup/team-stats?category=standard&sort=t_xg&season=2026&sortOrder=desc&groupId=12,foxsports.com,0.35,2026-06-19T05:23:26.253429+00:00
537348,United States,Australia,market_consensus,2026 World Cup: How to bet on U.S. vs. Australia - ESPN * [![Image 37](https://a1.espncdn.com/combiner/i?img=/i/teamlogos/nfl/500/cle.png&h=25&w=25) Cleveland Browns Browns](https://www.espn.com/nfl/team/_/name/cle/cleveland-browns). * [![I,,,,2026 World Cup: How to bet on U.S. vs. Australia - ESPN,https://www.espn.com/espn/betting/story/_/id/49070573/2026-world-cup-how-bet-usa-australia-best-picks-odds-props,espn.com,0.9,2026-06-19T05:23:26.257063+00:00
537348,United States,Australia,market_consensus,USMNT vs. Australia | World Cup 2026 Match PREVIEW - YouTube USMNT vs. Australia | World Cup 2026 Match PREVIEW CBS Sports Golazo America 28 likes 1498 views 17 Jun 2026 The USMNT is set to battle Australia in their second match in Group D ,,,,USMNT vs. Australia | World Cup 2026 Match PREVIEW - YouTube,https://www.youtube.com/watch?v=rf_Wv_JubJY,youtube.com,0.35,2026-06-19T05:23:26.259293+00:00
537348,United States,Australia,source_note,USMNT vs. Australia | World Cup 2026 Match PREVIEW - YouTube USMNT vs. Australia | World Cup 2026 Match PREVIEW CBS Sports Golazo America 28 likes 1498 views 17 Jun 2026 The USMNT is set to battle Australia in their second match in Group D ,,,,USMNT vs. Australia | World Cup 2026 Match PREVIEW - YouTube,https://www.youtube.com/watch?v=rf_Wv_JubJY,youtube.com,0.35,2026-06-19T05:23:26.260177+00:00
537348,United States,Australia,market_consensus,USA vs Australia Predictions and Picks! BEST World Cup Bets Today! [11:55 USA v AUSTRALIA PREVIEW | Can Socceroos Shock The World Again?Lachie Talks Football 12K views • 1 day ago Live Playlist ()Mix (50+)](https://www.youtube.com/watch?v=P,,,,USA vs Australia Predictions and Picks! BEST World Cup Bets Today!,https://www.youtube.com/watch?v=DjE3EC8D2Bs,youtube.com,0.35,2026-06-19T05:23:26.261303+00:00
537348,United States,Australia,source_note,USA vs Australia Predictions and Picks! BEST World Cup Bets Today! [11:55 USA v AUSTRALIA PREVIEW | Can Socceroos Shock The World Again?Lachie Talks Football 12K views • 1 day ago Live Playlist ()Mix (50+)](https://www.youtube.com/watch?v=P,,,,USA vs Australia Predictions and Picks! BEST World Cup Bets Today!,https://www.youtube.com/watch?v=DjE3EC8D2Bs,youtube.com,0.35,2026-06-19T05:23:26.261949+00:00
